src,dst,type,weight
org.services.analysis.TraceTranslator,org.services.analysis.Clock,CALL,4
org.services.analysis.TraceTranslator,org.services.analysis.Span,CALL,17
org.myproject.ms.monitoring.antn.DefaultSpanCreator,org.myproject.ms.monitoring.antn.SpanCreator,IMPLEMENTS,1
org.myproject.ms.monitoring.antn.DefaultSpanCreator,org.myproject.ms.monitoring.Chainer,FIELD,1
org.myproject.ms.monitoring.antn.DefaultSpanCreator,org.myproject.ms.monitoring.util.ItemNameUtil,CALL,1
org.myproject.ms.monitoring.antn.DefaultSpanCreator,org.myproject.ms.monitoring.ItemAccessor,CALL,2
org.myproject.ms.monitoring.antn.DefaultSpanCreator,org.myproject.ms.monitoring.Chainer,CALL,2
org.myproject.ms.monitoring.antn.NoOpTagValueResolver,org.myproject.ms.monitoring.antn.TagValueResolver,IMPLEMENTS,1
org.myproject.ms.monitoring.antn.SleuthAdvisorConfig,org.myproject.ms.monitoring.antn.SleuthAdvisorConfig.AnnotationClassOrMethodOrArgsPointcut,CALL,2
org.myproject.ms.monitoring.antn.SleuthAdvisorConfig,org.myproject.ms.monitoring.antn.SleuthAdvisorConfig.AnnotationMethodsResolver,CALL,2
org.myproject.ms.monitoring.antn.SleuthAdvisorConfig,org.myproject.ms.monitoring.antn.SleuthInterceptor,CALL,1
org.myproject.ms.monitoring.antn.SleuthAdvisorConfig.AnnotationClassOrMethodFilter,org.myproject.ms.monitoring.antn.SleuthAdvisorConfig.AnnotationMethodsResolver,FIELD,1
org.myproject.ms.monitoring.antn.SleuthAdvisorConfig.AnnotationClassOrMethodFilter,org.myproject.ms.monitoring.antn.SleuthAdvisorConfig.AnnotationMethodsResolver,CALL,2
org.myproject.ms.monitoring.antn.SleuthInterceptor,org.myproject.ms.monitoring.antn.SpanCreator,FIELD,1
org.myproject.ms.monitoring.antn.SleuthInterceptor,org.myproject.ms.monitoring.Chainer,FIELD,1
org.myproject.ms.monitoring.antn.SleuthInterceptor,org.myproject.ms.monitoring.antn.SpanTagAnnotationHandler,FIELD,1
org.myproject.ms.monitoring.antn.SleuthInterceptor,org.myproject.ms.monitoring.antn.SleuthAnnotationUtils,CALL,2
org.myproject.ms.monitoring.antn.SleuthInterceptor,org.myproject.ms.monitoring.ItemAccessor,CALL,1
org.myproject.ms.monitoring.antn.SleuthInterceptor,org.myproject.ms.monitoring.Chainer,CALL,2
org.myproject.ms.monitoring.antn.SleuthInterceptor,org.myproject.ms.monitoring.util.ExceptionUtils,CALL,1
org.myproject.ms.monitoring.antn.SleuthInterceptor,org.myproject.ms.monitoring.Item,CALL,1
org.myproject.ms.monitoring.antn.SleuthAnnotatedParameter,org.myproject.ms.monitoring.antn.SpanTag,FIELD,1
org.myproject.ms.monitoring.antn.SleuthAnnotationAutoConfiguration,org.myproject.ms.monitoring.antn.DefaultSpanCreator,CALL,1
org.myproject.ms.monitoring.antn.SleuthAnnotationAutoConfiguration,org.myproject.ms.monitoring.antn.SpelTagValueExpressionResolver,CALL,1
org.myproject.ms.monitoring.antn.SleuthAnnotationAutoConfiguration,org.myproject.ms.monitoring.antn.NoOpTagValueResolver,CALL,1
org.myproject.ms.monitoring.antn.SleuthAnnotationAutoConfiguration,org.myproject.ms.monitoring.antn.SleuthAdvisorConfig,CALL,1
org.myproject.ms.monitoring.antn.SleuthAnnotationUtils,org.myproject.ms.monitoring.antn.SleuthAnnotatedParameter,CALL,1
org.myproject.ms.monitoring.antn.SpanTagAnnotationHandler,org.myproject.ms.monitoring.Chainer,FIELD,1
org.myproject.ms.monitoring.antn.SpanTagAnnotationHandler,org.myproject.ms.monitoring.antn.TagValueResolver,CALL,1
org.myproject.ms.monitoring.antn.SpelTagValueExpressionResolver,org.myproject.ms.monitoring.antn.TagValueExpressionResolver,IMPLEMENTS,1
org.myproject.ms.monitoring.atcfg.TraceAutoConfiguration,org.myproject.ms.monitoring.atcfg.SleuthProperties,FIELD,1
org.myproject.ms.monitoring.atcfg.TraceAutoConfiguration,org.myproject.ms.monitoring.atcfg.SleuthProperties,CALL,1
org.myproject.ms.monitoring.atcfg.TraceAutoConfiguration,org.myproject.ms.monitoring.trace.DChainer,CALL,1
org.myproject.ms.monitoring.atcfg.TraceAutoConfiguration,org.myproject.ms.monitoring.DefaultItemNamer,CALL,1
org.myproject.ms.monitoring.atcfg.TraceAutoConfiguration,org.myproject.ms.monitoring.NOItemReporter,CALL,1
org.myproject.ms.monitoring.atcfg.TraceAutoConfiguration,org.myproject.ms.monitoring.NOItemAdjuster,CALL,1
org.myproject.ms.monitoring.ChainCallable,org.myproject.ms.monitoring.Chainer,FIELD,1
org.myproject.ms.monitoring.ChainCallable,org.myproject.ms.monitoring.ItemNamer,FIELD,1
org.myproject.ms.monitoring.ChainCallable,org.myproject.ms.monitoring.Item,FIELD,1
org.myproject.ms.monitoring.ChainCallable,org.myproject.ms.monitoring.ItemAccessor,CALL,1
org.myproject.ms.monitoring.ChainCallable,org.myproject.ms.monitoring.Chainer,CALL,4
org.myproject.ms.monitoring.ChainCallable,org.myproject.ms.monitoring.ItemNamer,CALL,1
org.myproject.ms.monitoring.Chainer,org.myproject.ms.monitoring.ItemAccessor,EXTENDS,1
org.myproject.ms.monitoring.ChainKeys,org.myproject.ms.monitoring.ChainKeys.Http,FIELD,1
org.myproject.ms.monitoring.ChainKeys,org.myproject.ms.monitoring.ChainKeys.Message,FIELD,1
org.myproject.ms.monitoring.ChainKeys,org.myproject.ms.monitoring.ChainKeys.Hystrix,FIELD,1
org.myproject.ms.monitoring.ChainKeys,org.myproject.ms.monitoring.ChainKeys.Async,FIELD,1
org.myproject.ms.monitoring.ChainKeys,org.myproject.ms.monitoring.ChainKeys.Mvc,FIELD,1
org.myproject.ms.monitoring.ChainKeys,org.myproject.ms.monitoring.ChainKeys.Http,CALL,1
org.myproject.ms.monitoring.ChainKeys,org.myproject.ms.monitoring.ChainKeys.Message,CALL,1
org.myproject.ms.monitoring.ChainKeys,org.myproject.ms.monitoring.ChainKeys.Hystrix,CALL,1
org.myproject.ms.monitoring.ChainKeys,org.myproject.ms.monitoring.ChainKeys.Async,CALL,1
org.myproject.ms.monitoring.ChainKeys,org.myproject.ms.monitoring.ChainKeys.Mvc,CALL,1
org.myproject.ms.monitoring.ChainKeys,org.myproject.ms.monitoring.ChainKeys.Message.Payload,CALL,1
org.myproject.ms.monitoring.ChainKeys.Message,org.myproject.ms.monitoring.ChainKeys.Message.Payload,FIELD,1
org.myproject.ms.monitoring.ChainKeys.Message,org.myproject.ms.monitoring.ChainKeys.Message.Payload,CALL,1
org.myproject.ms.monitoring.ChainRunnable,org.myproject.ms.monitoring.Chainer,FIELD,1
org.myproject.ms.monitoring.ChainRunnable,org.myproject.ms.monitoring.ItemNamer,FIELD,1
org.myproject.ms.monitoring.ChainRunnable,org.myproject.ms.monitoring.Item,FIELD,1
org.myproject.ms.monitoring.ChainRunnable,org.myproject.ms.monitoring.ItemAccessor,CALL,3
org.myproject.ms.monitoring.ChainRunnable,org.myproject.ms.monitoring.Chainer,CALL,5
org.myproject.ms.monitoring.ChainRunnable,org.myproject.ms.monitoring.ItemNamer,CALL,1
org.myproject.ms.monitoring.DefaultItemNamer,org.myproject.ms.monitoring.ItemNamer,IMPLEMENTS,1
org.myproject.ms.monitoring.instrument.async.LCTCall,org.myproject.ms.monitoring.ChainCallable,EXTENDS,1
org.myproject.ms.monitoring.instrument.async.LCTCall,org.myproject.ms.monitoring.ChainKeys,FIELD,1
org.myproject.ms.monitoring.instrument.async.LCTCall,org.myproject.ms.monitoring.ChainCallable,CALL,7
org.myproject.ms.monitoring.instrument.async.LCTCall,org.myproject.ms.monitoring.Chainer,CALL,3
org.myproject.ms.monitoring.instrument.async.LCTCall,org.myproject.ms.monitoring.ChainKeys.Async,CALL,2
org.myproject.ms.monitoring.instrument.async.LCTCall,org.myproject.ms.monitoring.ChainKeys,CALL,2
org.myproject.ms.monitoring.instrument.async.LCTRun,org.myproject.ms.monitoring.ChainRunnable,EXTENDS,1
org.myproject.ms.monitoring.instrument.async.LCTRun,org.myproject.ms.monitoring.ChainKeys,FIELD,1
org.myproject.ms.monitoring.instrument.async.LCTRun,org.myproject.ms.monitoring.ChainRunnable,CALL,7
org.myproject.ms.monitoring.instrument.async.LCTRun,org.myproject.ms.monitoring.Chainer,CALL,3
org.myproject.ms.monitoring.instrument.async.LCTRun,org.myproject.ms.monitoring.ChainKeys.Async,CALL,2
org.myproject.ms.monitoring.instrument.async.LCTRun,org.myproject.ms.monitoring.ChainKeys,CALL,2
org.myproject.ms.monitoring.instrument.async.LTExec,org.myproject.ms.monitoring.Chainer,FIELD,1
org.myproject.ms.monitoring.instrument.async.LTExec,org.myproject.ms.monitoring.ChainKeys,FIELD,1
org.myproject.ms.monitoring.instrument.async.LTExec,org.myproject.ms.monitoring.ItemNamer,FIELD,1
org.myproject.ms.monitoring.instrument.async.LTExec,org.myproject.ms.monitoring.instrument.async.SCTRun,CALL,1
org.myproject.ms.monitoring.instrument.async.LTExec,org.myproject.ms.monitoring.ChainKeys,CALL,1
org.myproject.ms.monitoring.instrument.async.LTExec,org.myproject.ms.monitoring.DefaultItemNamer,CALL,1
org.myproject.ms.monitoring.instrument.async.LTTPTExec,org.myproject.ms.monitoring.Chainer,FIELD,1
org.myproject.ms.monitoring.instrument.async.LTTPTExec,org.myproject.ms.monitoring.ChainKeys,FIELD,1
org.myproject.ms.monitoring.instrument.async.LTTPTExec,org.myproject.ms.monitoring.ItemNamer,FIELD,1
org.myproject.ms.monitoring.instrument.async.LTTPTExec,org.myproject.ms.monitoring.instrument.async.SCTRun,CALL,4
org.myproject.ms.monitoring.instrument.async.LTTPTExec,org.myproject.ms.monitoring.instrument.async.SCTCall,CALL,2
org.myproject.ms.monitoring.instrument.async.LTTPTExec,org.myproject.ms.monitoring.ChainKeys,CALL,1
org.myproject.ms.monitoring.instrument.async.LTTPTExec,org.myproject.ms.monitoring.DefaultItemNamer,CALL,1
org.myproject.ms.monitoring.instrument.async.SCTCall,org.myproject.ms.monitoring.ChainCallable,EXTENDS,1
org.myproject.ms.monitoring.instrument.async.SCTCall,org.myproject.ms.monitoring.instrument.async.LCTCall,FIELD,1
org.myproject.ms.monitoring.instrument.async.SCTCall,org.myproject.ms.monitoring.ChainCallable,CALL,6
org.myproject.ms.monitoring.instrument.async.SCTCall,org.myproject.ms.monitoring.instrument.async.LCTCall,CALL,3
org.myproject.ms.monitoring.instrument.async.SCTRun,org.myproject.ms.monitoring.ChainRunnable,EXTENDS,1
org.myproject.ms.monitoring.instrument.async.SCTRun,org.myproject.ms.monitoring.instrument.async.LCTRun,FIELD,1
org.myproject.ms.monitoring.instrument.async.SCTRun,org.myproject.ms.monitoring.ChainRunnable,CALL,6
org.myproject.ms.monitoring.instrument.async.SCTRun,org.myproject.ms.monitoring.instrument.async.LCTRun,CALL,3
org.myproject.ms.monitoring.instrument.async.TAAsp,org.myproject.ms.monitoring.Chainer,FIELD,1
org.myproject.ms.monitoring.instrument.async.TAAsp,org.myproject.ms.monitoring.ChainKeys,FIELD,1
org.myproject.ms.monitoring.instrument.async.TAAsp,org.myproject.ms.monitoring.Chainer,CALL,2
org.myproject.ms.monitoring.instrument.async.TAAsp,org.myproject.ms.monitoring.ChainKeys.Async,CALL,4
org.myproject.ms.monitoring.instrument.async.TAAsp,org.myproject.ms.monitoring.ChainKeys,CALL,4
org.myproject.ms.monitoring.instrument.async.TCCall,org.myproject.ms.monitoring.ChainCallable,EXTENDS,1
org.myproject.ms.monitoring.instrument.async.TCCall,org.myproject.ms.monitoring.Chainer,CALL,2
org.myproject.ms.monitoring.instrument.async.TCCall,org.myproject.ms.monitoring.ChainCallable,CALL,4
org.myproject.ms.monitoring.instrument.async.TCCall,org.myproject.ms.monitoring.ItemAccessor,CALL,1
org.myproject.ms.monitoring.instrument.async.TEServ,org.myproject.ms.monitoring.Chainer,FIELD,1
org.myproject.ms.monitoring.instrument.async.TEServ,org.myproject.ms.monitoring.ChainKeys,FIELD,1
org.myproject.ms.monitoring.instrument.async.TEServ,org.myproject.ms.monitoring.ItemNamer,FIELD,1
org.myproject.ms.monitoring.instrument.async.TEServ,org.myproject.ms.monitoring.instrument.async.LCTRun,CALL,2
org.myproject.ms.monitoring.instrument.async.TEServ,org.myproject.ms.monitoring.instrument.async.SCTCall,CALL,2
org.myproject.ms.monitoring.instrument.async.TEServ,org.myproject.ms.monitoring.instrument.async.SCTRun,CALL,1
org.myproject.ms.monitoring.instrument.async.TSEServ,org.myproject.ms.monitoring.instrument.async.TEServ,EXTENDS,1
org.myproject.ms.monitoring.instrument.async.TSEServ,org.myproject.ms.monitoring.instrument.async.SCTRun,CALL,3
org.myproject.ms.monitoring.instrument.async.TSEServ,org.myproject.ms.monitoring.instrument.async.SCTCall,CALL,1
org.myproject.ms.monitoring.instrument.messaging.websocket.TWSAConf,org.myproject.ms.monitoring.Chainer,FIELD,1
org.myproject.ms.monitoring.instrument.messaging.websocket.TWSAConf,org.myproject.ms.monitoring.ChainKeys,FIELD,1
org.myproject.ms.monitoring.instrument.messaging.websocket.TWSAConf,org.myproject.ms.monitoring.instrument.msg.MSTMExtra,FIELD,1
org.myproject.ms.monitoring.instrument.messaging.websocket.TWSAConf,org.myproject.ms.monitoring.instrument.msg.MSTMInject,FIELD,1
org.myproject.ms.monitoring.instrument.messaging.websocket.TWSAConf,org.myproject.ms.monitoring.instrument.msg.TCInter,CALL,2
org.myproject.ms.monitoring.instrument.msg.ATCInter,org.myproject.ms.monitoring.Chainer,FIELD,1
org.myproject.ms.monitoring.instrument.msg.ATCInter,org.myproject.ms.monitoring.ChainKeys,FIELD,1
org.myproject.ms.monitoring.instrument.msg.ATCInter,org.myproject.ms.monitoring.instrument.msg.MSTMExtra,FIELD,1
org.myproject.ms.monitoring.instrument.msg.ATCInter,org.myproject.ms.monitoring.instrument.msg.MSTMInject,FIELD,1
org.myproject.ms.monitoring.instrument.msg.ATCInter,org.myproject.ms.monitoring.ItemExtractor,CALL,1
org.myproject.ms.monitoring.instrument.msg.HBMExtra,org.myproject.ms.monitoring.instrument.msg.MSTMExtra,IMPLEMENTS,1
org.myproject.ms.monitoring.instrument.msg.HBMExtra,org.myproject.ms.monitoring.util.TextMapUtil,CALL,1
org.myproject.ms.monitoring.instrument.msg.HBMExtra,org.myproject.ms.monitoring.Item,CALL,6
org.myproject.ms.monitoring.instrument.msg.HBMExtra,org.myproject.ms.monitoring.Item.SpanBuilder,CALL,11
org.myproject.ms.monitoring.instrument.msg.HBMInject,org.myproject.ms.monitoring.instrument.msg.MSTMInject,IMPLEMENTS,1
org.myproject.ms.monitoring.instrument.msg.HBMInject,org.myproject.ms.monitoring.ChainKeys,FIELD,1
org.myproject.ms.monitoring.instrument.msg.HBMInject,org.myproject.ms.monitoring.util.TextMapUtil,CALL,2
org.myproject.ms.monitoring.instrument.msg.HBMInject,org.myproject.ms.monitoring.ItemTextMap,CALL,3
org.myproject.ms.monitoring.instrument.msg.HBMInject,org.myproject.ms.monitoring.Item,CALL,11
org.myproject.ms.monitoring.instrument.msg.HBMInject,org.myproject.ms.monitoring.ChainKeys.Message,CALL,7
org.myproject.ms.monitoring.instrument.msg.HBMInject,org.myproject.ms.monitoring.ChainKeys,CALL,7
org.myproject.ms.monitoring.instrument.msg.HBMInject,org.myproject.ms.monitoring.ChainKeys.Message.Payload,CALL,5
org.myproject.ms.monitoring.instrument.msg.ITCInter,org.myproject.ms.monitoring.instrument.msg.TCInter,EXTENDS,1
org.myproject.ms.monitoring.instrument.msg.MSTMExtra,org.myproject.ms.monitoring.ItemExtractor,EXTENDS,1
org.myproject.ms.monitoring.instrument.msg.MSTMInject,org.myproject.ms.monitoring.ItemInjector,EXTENDS,1
org.myproject.ms.monitoring.instrument.msg.MTMap,org.myproject.ms.monitoring.ItemTextMap,IMPLEMENTS,1
org.myproject.ms.monitoring.instrument.msg.TCInter,org.myproject.ms.monitoring.instrument.msg.ATCInter,EXTENDS,1
org.myproject.ms.monitoring.instrument.msg.TCInter,org.myproject.ms.monitoring.Item,CALL,7
org.myproject.ms.monitoring.instrument.msg.TCInter,org.myproject.ms.monitoring.Log,CALL,1
org.myproject.ms.monitoring.instrument.msg.TCInter,org.myproject.ms.monitoring.util.ExceptionUtils,CALL,1
org.myproject.ms.monitoring.instrument.msg.TSIAConf,org.myproject.ms.monitoring.instrument.msg.ITCInter,CALL,1
org.myproject.ms.monitoring.instrument.msg.TSMAConf,org.myproject.ms.monitoring.instrument.msg.HBMExtra,CALL,1
org.myproject.ms.monitoring.instrument.msg.TSMAConf,org.myproject.ms.monitoring.instrument.msg.HBMInject,CALL,1
org.myproject.ms.monitoring.instrument.rest.SHAConf,org.myproject.ms.monitoring.instrument.rest.SHCStra,CALL,1
org.myproject.ms.monitoring.instrument.rest.SHCStra,org.myproject.ms.monitoring.Chainer,FIELD,1
org.myproject.ms.monitoring.instrument.rest.SHCStra,org.myproject.ms.monitoring.ChainKeys,FIELD,1
org.myproject.ms.monitoring.instrument.rest.SHCStra,org.myproject.ms.monitoring.ItemAccessor,CALL,2
org.myproject.ms.monitoring.instrument.rest.SHCStra,org.myproject.ms.monitoring.Chainer,CALL,6
org.myproject.ms.monitoring.instrument.rest.SHCStra,org.myproject.ms.monitoring.Item,CALL,2
org.myproject.ms.monitoring.instrument.rest.SHCStra,org.myproject.ms.monitoring.ChainKeys.Async,CALL,2
org.myproject.ms.monitoring.instrument.rest.SHCStra,org.myproject.ms.monitoring.ChainKeys,CALL,2
org.myproject.ms.monitoring.instrument.rest.SHCStra,org.myproject.ms.monitoring.instrument.rest.SHCStra.HystrixTraceCallable,CALL,1
org.myproject.ms.monitoring.instrument.rest.SHCStra.HystrixTraceCallable,org.myproject.ms.monitoring.Chainer,FIELD,1
org.myproject.ms.monitoring.instrument.rest.SHCStra.HystrixTraceCallable,org.myproject.ms.monitoring.ChainKeys,FIELD,1
org.myproject.ms.monitoring.instrument.rest.SHCStra.HystrixTraceCallable,org.myproject.ms.monitoring.Item,FIELD,1
org.myproject.ms.monitoring.instrument.rest.SHCStra.HystrixTraceCallable,org.myproject.ms.monitoring.ItemAccessor,CALL,2
org.myproject.ms.monitoring.instrument.rest.SHCStra.HystrixTraceCallable,org.myproject.ms.monitoring.Chainer,CALL,6
org.myproject.ms.monitoring.instrument.rest.SHCStra.HystrixTraceCallable,org.myproject.ms.monitoring.Item,CALL,2
org.myproject.ms.monitoring.instrument.rest.SHCStra.HystrixTraceCallable,org.myproject.ms.monitoring.ChainKeys.Async,CALL,2
org.myproject.ms.monitoring.instrument.rest.SHCStra.HystrixTraceCallable,org.myproject.ms.monitoring.ChainKeys,CALL,2
org.myproject.ms.monitoring.instrument.rest.TComm,org.myproject.ms.monitoring.Chainer,FIELD,1
org.myproject.ms.monitoring.instrument.rest.TComm,org.myproject.ms.monitoring.ChainKeys,FIELD,1
org.myproject.ms.monitoring.instrument.rest.TComm,org.myproject.ms.monitoring.Item,FIELD,1
org.myproject.ms.monitoring.instrument.rest.TComm,org.myproject.ms.monitoring.ItemAccessor,CALL,1
org.myproject.ms.monitoring.instrument.rest.TComm,org.myproject.ms.monitoring.Chainer,CALL,6
org.myproject.ms.monitoring.instrument.rest.TComm,org.myproject.ms.monitoring.ChainKeys.Hystrix,CALL,6
org.myproject.ms.monitoring.instrument.rest.TComm,org.myproject.ms.monitoring.ChainKeys,CALL,6
org.myproject.ms.monitoring.instrument.schedl.TSAConf,org.myproject.ms.monitoring.instrument.schedl.SSProp,CALL,1
org.myproject.ms.monitoring.instrument.schedl.TSAConf,org.myproject.ms.monitoring.instrument.schedl.TSAspect,CALL,1
org.myproject.ms.monitoring.instrument.schedl.TSAspect,org.myproject.ms.monitoring.Chainer,FIELD,1
org.myproject.ms.monitoring.instrument.schedl.TSAspect,org.myproject.ms.monitoring.ChainKeys,FIELD,1
org.myproject.ms.monitoring.instrument.schedl.TSAspect,org.myproject.ms.monitoring.Chainer,CALL,3
org.myproject.ms.monitoring.instrument.schedl.TSAspect,org.myproject.ms.monitoring.ChainKeys.Async,CALL,4
org.myproject.ms.monitoring.instrument.schedl.TSAspect,org.myproject.ms.monitoring.ChainKeys,CALL,4
org.myproject.ms.monitoring.instrument.web.client.ATHRInter,org.myproject.ms.monitoring.Chainer,FIELD,1
org.myproject.ms.monitoring.instrument.web.client.ATHRInter,org.myproject.ms.monitoring.instrument.web.HSInject,FIELD,1
org.myproject.ms.monitoring.instrument.web.client.ATHRInter,org.myproject.ms.monitoring.instrument.web.HTKInject,FIELD,1
org.myproject.ms.monitoring.instrument.web.client.ATHRInter,org.myproject.ms.monitoring.Chainer,CALL,2
org.myproject.ms.monitoring.instrument.web.client.ATHRInter,org.myproject.ms.monitoring.ItemInjector,CALL,1
org.myproject.ms.monitoring.instrument.web.client.ATHRInter,org.myproject.ms.monitoring.Item,CALL,2
org.myproject.ms.monitoring.instrument.web.client.ATHRInter,org.myproject.ms.monitoring.util.ItemNameUtil,CALL,1
org.myproject.ms.monitoring.instrument.web.client.ATHRInter,org.myproject.ms.monitoring.ItemAccessor,CALL,2
org.myproject.ms.monitoring.instrument.web.client.HRTMap,org.myproject.ms.monitoring.ItemTextMap,IMPLEMENTS,1
org.myproject.ms.monitoring.instrument.web.client.TACHRFW,org.myproject.ms.monitoring.instrument.web.client.ATHRInter,EXTENDS,1
org.myproject.ms.monitoring.instrument.web.client.TALTExec,org.myproject.ms.monitoring.Chainer,FIELD,1
org.myproject.ms.monitoring.instrument.web.client.TALTExec,org.myproject.ms.monitoring.Chainer,CALL,6
org.myproject.ms.monitoring.instrument.web.client.TARTemp,org.myproject.ms.monitoring.Chainer,FIELD,1
org.myproject.ms.monitoring.instrument.web.client.TARTemp,org.myproject.ms.monitoring.ItemAccessor,CALL,6
org.myproject.ms.monitoring.instrument.web.client.TARTemp,org.myproject.ms.monitoring.Item,CALL,2
org.myproject.ms.monitoring.instrument.web.client.TARTemp,org.myproject.ms.monitoring.Chainer,CALL,8
org.myproject.ms.monitoring.instrument.web.client.TARTemp,org.myproject.ms.monitoring.instrument.web.client.TARTemp.TraceSuccessCallback,CALL,4
org.myproject.ms.monitoring.instrument.web.client.TARTemp,org.myproject.ms.monitoring.instrument.web.client.TARTemp.TraceFailureCallback,CALL,4
org.myproject.ms.monitoring.instrument.web.client.TARTemp,org.myproject.ms.monitoring.instrument.web.client.TARTemp.TraceListenableFutureCallback,CALL,8
org.myproject.ms.monitoring.instrument.web.client.TARTemp,org.myproject.ms.monitoring.util.ExceptionUtils,CALL,1
org.myproject.ms.monitoring.instrument.web.client.TARTemp.TraceSuccessCallback,org.myproject.ms.monitoring.Chainer,FIELD,1
org.myproject.ms.monitoring.instrument.web.client.TARTemp.TraceSuccessCallback,org.myproject.ms.monitoring.Item,FIELD,1
org.myproject.ms.monitoring.instrument.web.client.TARTemp.TraceSuccessCallback,org.myproject.ms.monitoring.Chainer,CALL,2
org.myproject.ms.monitoring.instrument.web.client.TARTemp.TraceSuccessCallback,org.myproject.ms.monitoring.ItemAccessor,CALL,1
org.myproject.ms.monitoring.instrument.web.client.TARTemp.TraceFailureCallback,org.myproject.ms.monitoring.Chainer,FIELD,1
org.myproject.ms.monitoring.instrument.web.client.TARTemp.TraceFailureCallback,org.myproject.ms.monitoring.Item,FIELD,1
org.myproject.ms.monitoring.instrument.web.client.TARTemp.TraceFailureCallback,org.myproject.ms.monitoring.Chainer,CALL,2
org.myproject.ms.monitoring.instrument.web.client.TARTemp.TraceFailureCallback,org.myproject.ms.monitoring.ItemAccessor,CALL,1
org.myproject.ms.monitoring.instrument.web.client.TARTemp.TraceListenableFutureCallbackWrapper,org.myproject.ms.monitoring.Chainer,FIELD,1
org.myproject.ms.monitoring.instrument.web.client.TARTemp.TraceListenableFutureCallbackWrapper,org.myproject.ms.monitoring.Item,FIELD,1
org.myproject.ms.monitoring.instrument.web.client.TARTemp.TraceListenableFutureCallbackWrapper,org.myproject.ms.monitoring.instrument.web.client.TARTemp.TraceFailureCallback,CALL,1
org.myproject.ms.monitoring.instrument.web.client.TARTemp.TraceListenableFutureCallbackWrapper,org.myproject.ms.monitoring.instrument.web.client.TARTemp.TraceSuccessCallback,CALL,1
org.myproject.ms.monitoring.instrument.web.client.TARTemp.TraceListenableFutureCallback,org.myproject.ms.monitoring.Chainer,FIELD,1
org.myproject.ms.monitoring.instrument.web.client.TARTemp.TraceListenableFutureCallback,org.myproject.ms.monitoring.Item,FIELD,1
org.myproject.ms.monitoring.instrument.web.client.TARTemp.TraceListenableFutureCallback,org.myproject.ms.monitoring.Chainer,CALL,3
org.myproject.ms.monitoring.instrument.web.client.TARTemp.TraceListenableFutureCallback,org.myproject.ms.monitoring.util.ExceptionUtils,CALL,1
org.myproject.ms.monitoring.instrument.web.client.TARTemp.TraceListenableFutureCallback,org.myproject.ms.monitoring.Item,CALL,1
org.myproject.ms.monitoring.instrument.web.client.TARTemp.TraceListenableFutureCallback,org.myproject.ms.monitoring.ItemAccessor,CALL,2
org.myproject.ms.monitoring.instrument.web.client.THResp,org.myproject.ms.monitoring.instrument.web.client.TRTInter,FIELD,1
org.myproject.ms.monitoring.instrument.web.client.THResp,org.myproject.ms.monitoring.instrument.web.client.ATHRInter,CALL,1
org.myproject.ms.monitoring.instrument.web.client.TRTInter,org.myproject.ms.monitoring.instrument.web.client.ATHRInter,EXTENDS,1
org.myproject.ms.monitoring.instrument.web.client.TRTInter,org.myproject.ms.monitoring.instrument.web.client.ATHRInter,CALL,2
org.myproject.ms.monitoring.instrument.web.client.TRTInter,org.myproject.ms.monitoring.Chainer,CALL,1
org.myproject.ms.monitoring.instrument.web.client.TRTInter,org.myproject.ms.monitoring.util.ExceptionUtils,CALL,1
org.myproject.ms.monitoring.instrument.web.client.TWACAConf,org.myproject.ms.monitoring.Chainer,FIELD,1
org.myproject.ms.monitoring.instrument.web.client.TWACAConf,org.myproject.ms.monitoring.instrument.web.HTKInject,FIELD,1
org.myproject.ms.monitoring.instrument.web.client.TWACAConf,org.myproject.ms.monitoring.instrument.web.HSInject,FIELD,1
org.myproject.ms.monitoring.instrument.web.client.TWCAConf,org.myproject.ms.monitoring.instrument.web.client.TRTInter,CALL,1
org.myproject.ms.monitoring.instrument.web.client.TWCAConf.TraceInterceptorConfiguration,org.myproject.ms.monitoring.instrument.web.client.TRTInter,FIELD,1
org.myproject.ms.monitoring.instrument.web.HSExtra,org.myproject.ms.monitoring.ItemExtractor,EXTENDS,1
org.myproject.ms.monitoring.instrument.web.HSInject,org.myproject.ms.monitoring.ItemInjector,EXTENDS,1
org.myproject.ms.monitoring.instrument.web.HSRTMap,org.myproject.ms.monitoring.ItemTextMap,IMPLEMENTS,1
org.myproject.ms.monitoring.instrument.web.HTKInject,org.myproject.ms.monitoring.Chainer,FIELD,1
org.myproject.ms.monitoring.instrument.web.HTKInject,org.myproject.ms.monitoring.ChainKeys,FIELD,1
org.myproject.ms.monitoring.instrument.web.HTKInject,org.myproject.ms.monitoring.Chainer,CALL,5
org.myproject.ms.monitoring.instrument.web.HTKInject,org.myproject.ms.monitoring.ChainKeys.Http,CALL,10
org.myproject.ms.monitoring.instrument.web.HTKInject,org.myproject.ms.monitoring.ChainKeys,CALL,10
org.myproject.ms.monitoring.instrument.web.HTKInject,org.myproject.ms.monitoring.Item,CALL,2
org.myproject.ms.monitoring.instrument.web.SsLogSetter,org.myproject.ms.monitoring.Item,CALL,2
org.myproject.ms.monitoring.instrument.web.SsLogSetter,org.myproject.ms.monitoring.Log,CALL,1
org.myproject.ms.monitoring.instrument.web.SWProp,org.myproject.ms.monitoring.instrument.web.SWProp.Client,FIELD,1
org.myproject.ms.monitoring.instrument.web.SWProp.Async,org.myproject.ms.monitoring.instrument.web.SWProp.AsyncClient,FIELD,1
org.myproject.ms.monitoring.instrument.web.SWProp.AsyncClient,org.myproject.ms.monitoring.instrument.web.SWProp.Template,FIELD,1
org.myproject.ms.monitoring.instrument.web.TFilter,org.myproject.ms.monitoring.Chainer,FIELD,1
org.myproject.ms.monitoring.instrument.web.TFilter,org.myproject.ms.monitoring.ChainKeys,FIELD,1
org.myproject.ms.monitoring.instrument.web.TFilter,org.myproject.ms.monitoring.ItemReporter,FIELD,1
org.myproject.ms.monitoring.instrument.web.TFilter,org.myproject.ms.monitoring.instrument.web.HSExtra,FIELD,1
org.myproject.ms.monitoring.instrument.web.TFilter,org.myproject.ms.monitoring.instrument.web.HTKInject,FIELD,1
org.myproject.ms.monitoring.instrument.web.TFilter,org.myproject.ms.monitoring.Chainer,CALL,12
org.myproject.ms.monitoring.instrument.web.TFilter,org.myproject.ms.monitoring.util.ExceptionUtils,CALL,1
org.myproject.ms.monitoring.instrument.web.TFilter,org.myproject.ms.monitoring.Item,CALL,11
org.myproject.ms.monitoring.instrument.web.TFilter,org.myproject.ms.monitoring.ItemAccessor,CALL,5
org.myproject.ms.monitoring.instrument.web.TFilter,org.myproject.ms.monitoring.instrument.web.SsLogSetter,CALL,2
org.myproject.ms.monitoring.instrument.web.TFilter,org.myproject.ms.monitoring.ItemReporter,CALL,1
org.myproject.ms.monitoring.instrument.web.TFilter,org.myproject.ms.monitoring.ItemExtractor,CALL,1
org.myproject.ms.monitoring.instrument.web.TFilter,org.myproject.ms.monitoring.ChainKeys.Http,CALL,4
org.myproject.ms.monitoring.instrument.web.TFilter,org.myproject.ms.monitoring.ChainKeys,CALL,4
org.myproject.ms.monitoring.instrument.web.TFilter,org.myproject.ms.monitoring.instrument.web.HTKInject,CALL,1
org.myproject.ms.monitoring.instrument.web.TFilter,org.myproject.ms.monitoring.spl.AlwaysSampler,CALL,1
org.myproject.ms.monitoring.instrument.web.THAConf,org.myproject.ms.monitoring.instrument.web.SWProp,CALL,1
org.myproject.ms.monitoring.instrument.web.THAConf,org.myproject.ms.monitoring.instrument.web.HTKInject,CALL,1
org.myproject.ms.monitoring.instrument.web.THAConf,org.myproject.ms.monitoring.instrument.web.ZHSExtra,CALL,1
org.myproject.ms.monitoring.instrument.web.THAConf,org.myproject.ms.monitoring.instrument.web.ZHSInject,CALL,1
org.myproject.ms.monitoring.instrument.web.THInter,org.myproject.ms.monitoring.Chainer,FIELD,1
org.myproject.ms.monitoring.instrument.web.THInter,org.myproject.ms.monitoring.ChainKeys,FIELD,1
org.myproject.ms.monitoring.instrument.web.THInter,org.myproject.ms.monitoring.Chainer,CALL,8
org.myproject.ms.monitoring.instrument.web.THInter,org.myproject.ms.monitoring.ChainKeys.Mvc,CALL,2
org.myproject.ms.monitoring.instrument.web.THInter,org.myproject.ms.monitoring.ChainKeys,CALL,2
org.myproject.ms.monitoring.instrument.web.THInter,org.myproject.ms.monitoring.util.ItemNameUtil,CALL,1
org.myproject.ms.monitoring.instrument.web.THInter,org.myproject.ms.monitoring.util.ExceptionUtils,CALL,1
org.myproject.ms.monitoring.instrument.web.THSResp,org.myproject.ms.monitoring.Item,FIELD,1
org.myproject.ms.monitoring.instrument.web.THSResp,org.myproject.ms.monitoring.instrument.web.SsLogSetter,CALL,1
org.myproject.ms.monitoring.instrument.web.TPWriter,org.myproject.ms.monitoring.Item,FIELD,1
org.myproject.ms.monitoring.instrument.web.TPWriter,org.myproject.ms.monitoring.instrument.web.SsLogSetter,CALL,2
org.myproject.ms.monitoring.instrument.web.TSOStr,org.myproject.ms.monitoring.Item,FIELD,1
org.myproject.ms.monitoring.instrument.web.TSOStr,org.myproject.ms.monitoring.instrument.web.SsLogSetter,CALL,2
org.myproject.ms.monitoring.instrument.web.TWAConf,org.myproject.ms.monitoring.instrument.web.TWAConf.SkipPatternProvider,CALL,1
org.myproject.ms.monitoring.instrument.web.TWAConf,org.myproject.ms.monitoring.instrument.web.SWProp,CALL,3
org.myproject.ms.monitoring.instrument.web.TWAConf,org.myproject.ms.monitoring.instrument.web.TWAsp,CALL,1
org.myproject.ms.monitoring.instrument.web.TWAConf,org.myproject.ms.monitoring.instrument.web.TFilter,CALL,1
org.myproject.ms.monitoring.instrument.web.TWAConf.SkipPatternProviderConfig,org.myproject.ms.monitoring.instrument.web.SWProp,CALL,2
org.myproject.ms.monitoring.instrument.web.TWAConf.SkipPatternProviderConfig,org.myproject.ms.monitoring.instrument.web.TWAConf,CALL,2
org.myproject.ms.monitoring.instrument.web.TWAsp,org.myproject.ms.monitoring.Chainer,FIELD,1
org.myproject.ms.monitoring.instrument.web.TWAsp,org.myproject.ms.monitoring.ItemNamer,FIELD,1
org.myproject.ms.monitoring.instrument.web.TWAsp,org.myproject.ms.monitoring.ChainKeys,FIELD,1
org.myproject.ms.monitoring.instrument.web.TWAsp,org.myproject.ms.monitoring.ItemAccessor,CALL,5
org.myproject.ms.monitoring.instrument.web.TWAsp,org.myproject.ms.monitoring.Item,CALL,1
org.myproject.ms.monitoring.instrument.web.TWAsp,org.myproject.ms.monitoring.Chainer,CALL,1
org.myproject.ms.monitoring.instrument.web.TWAsp,org.myproject.ms.monitoring.util.ExceptionUtils,CALL,1
org.myproject.ms.monitoring.instrument.web.TWAsp,org.myproject.ms.monitoring.instrument.async.SCTCall,CALL,1
org.myproject.ms.monitoring.instrument.web.ZHSExtra,org.myproject.ms.monitoring.instrument.web.HSExtra,IMPLEMENTS,1
org.myproject.ms.monitoring.instrument.web.ZHSExtra,org.myproject.ms.monitoring.util.TextMapUtil,CALL,1
org.myproject.ms.monitoring.instrument.web.ZHSExtra,org.myproject.ms.monitoring.Item,CALL,7
org.myproject.ms.monitoring.instrument.web.ZHSExtra,org.myproject.ms.monitoring.Item.SpanBuilder,CALL,12
org.myproject.ms.monitoring.instrument.web.ZHSInject,org.myproject.ms.monitoring.instrument.web.HSInject,IMPLEMENTS,1
org.myproject.ms.monitoring.instrument.web.ZHSInject,org.myproject.ms.monitoring.Item,CALL,9
org.myproject.ms.monitoring.instrument.web.ZHSInject,org.myproject.ms.monitoring.ItemTextMap,CALL,2
org.myproject.ms.monitoring.Item,org.myproject.ms.monitoring.ItemContext,IMPLEMENTS,1
org.myproject.ms.monitoring.Item,org.myproject.ms.monitoring.Log,FIELD,1
org.myproject.ms.monitoring.Item,org.myproject.ms.monitoring.Item.SpanBuilder,CALL,26
org.myproject.ms.monitoring.Item,org.myproject.ms.monitoring.Log,CALL,1
org.myproject.ms.monitoring.Item.SpanBuilder,org.myproject.ms.monitoring.Item,FIELD,1
org.myproject.ms.monitoring.Item.SpanBuilder,org.myproject.ms.monitoring.Log,FIELD,1
org.myproject.ms.monitoring.Item.SpanBuilder,org.myproject.ms.monitoring.Item,CALL,4
org.myproject.ms.monitoring.lgger.LogAtcfg,org.myproject.ms.monitoring.lgger.Slf4jProps,CALL,1
org.myproject.ms.monitoring.lgger.LogAtcfg,org.myproject.ms.monitoring.lgger.Slf4jItemLogger,CALL,1
org.myproject.ms.monitoring.lgger.LogAtcfg,org.myproject.ms.monitoring.lgger.NoItemLogger,CALL,2
org.myproject.ms.monitoring.lgger.LogAtcfg.Slf4jConfiguration,org.myproject.ms.monitoring.lgger.Slf4jProps,CALL,1
org.myproject.ms.monitoring.lgger.LogAtcfg.Slf4jConfiguration,org.myproject.ms.monitoring.lgger.Slf4jItemLogger,CALL,1
org.myproject.ms.monitoring.lgger.LogAtcfg.Slf4jConfiguration,org.myproject.ms.monitoring.lgger.NoItemLogger,CALL,1
org.myproject.ms.monitoring.lgger.NoItemLogger,org.myproject.ms.monitoring.lgger.ItemLogger,IMPLEMENTS,1
org.myproject.ms.monitoring.lgger.Slf4jItemLogger,org.myproject.ms.monitoring.lgger.ItemLogger,IMPLEMENTS,1
org.myproject.ms.monitoring.lgger.Slf4jItemLogger,org.myproject.ms.monitoring.Item,CALL,17
org.myproject.ms.monitoring.mtc.ChainMetricsAtcfg,org.myproject.ms.monitoring.mtc.SMProp.Span,CALL,2
org.myproject.ms.monitoring.mtc.ChainMetricsAtcfg,org.myproject.ms.monitoring.mtc.SMProp,CALL,3
org.myproject.ms.monitoring.mtc.ChainMetricsAtcfg,org.myproject.ms.monitoring.mtc.ChainMetricsAtcfg.PickMetricIfMetricsIsMissing,CALL,2
org.myproject.ms.monitoring.mtc.ChainMetricsAtcfg,org.myproject.ms.monitoring.mtc.NOIMRep,CALL,2
org.myproject.ms.monitoring.mtc.ChainMetricsAtcfg.CounterServiceSpanReporterConfig,org.myproject.ms.monitoring.mtc.SMProp.Span,CALL,2
org.myproject.ms.monitoring.mtc.ChainMetricsAtcfg.CounterServiceSpanReporterConfig,org.myproject.ms.monitoring.mtc.SMProp,CALL,2
org.myproject.ms.monitoring.mtc.ChainMetricsAtcfg.CounterServiceSpanReporterConfig,org.myproject.ms.monitoring.mtc.NOIMRep,CALL,1
org.myproject.ms.monitoring.mtc.CSBSMRep,org.myproject.ms.monitoring.mtc.ItemMetricReporter,IMPLEMENTS,1
org.myproject.ms.monitoring.mtc.NOIMRep,org.myproject.ms.monitoring.mtc.ItemMetricReporter,IMPLEMENTS,1
org.myproject.ms.monitoring.mtc.SMProp,org.myproject.ms.monitoring.mtc.SMProp.Span,FIELD,1
org.myproject.ms.monitoring.mtc.SMProp,org.myproject.ms.monitoring.mtc.SMProp.Span,CALL,1
org.myproject.ms.monitoring.NOItemAdjuster,org.myproject.ms.monitoring.ItemAdjuster,IMPLEMENTS,1
org.myproject.ms.monitoring.NOItemReporter,org.myproject.ms.monitoring.ItemReporter,IMPLEMENTS,1
org.myproject.ms.monitoring.spl.AlwaysSampler,org.myproject.ms.monitoring.Sampler,IMPLEMENTS,1
org.myproject.ms.monitoring.spl.IsChainingSampler,org.myproject.ms.monitoring.Sampler,IMPLEMENTS,1
org.myproject.ms.monitoring.spl.IsChainingSampler,org.myproject.ms.monitoring.ItemAccessor,FIELD,1
org.myproject.ms.monitoring.spl.IsChainingSampler,org.myproject.ms.monitoring.ItemAccessor,CALL,1
org.myproject.ms.monitoring.spl.NeverSampler,org.myproject.ms.monitoring.Sampler,IMPLEMENTS,1
org.myproject.ms.monitoring.spl.PBSamp,org.myproject.ms.monitoring.Sampler,IMPLEMENTS,1
org.myproject.ms.monitoring.spl.PBSamp,org.myproject.ms.monitoring.spl.SProps,FIELD,1
org.myproject.ms.monitoring.spl.PBSamp,org.myproject.ms.monitoring.spl.SProps,CALL,3
org.myproject.ms.monitoring.StateItemAdjuster,org.myproject.ms.monitoring.ItemAdjuster,IMPLEMENTS,1
org.myproject.ms.monitoring.StateItemAdjuster,org.myproject.ms.monitoring.Item,CALL,3
org.myproject.ms.monitoring.StateItemAdjuster,org.myproject.ms.monitoring.Item.SpanBuilder,CALL,3
org.myproject.ms.monitoring.trace.DChainer,org.myproject.ms.monitoring.Chainer,IMPLEMENTS,1
org.myproject.ms.monitoring.trace.DChainer,org.myproject.ms.monitoring.Sampler,FIELD,1
org.myproject.ms.monitoring.trace.DChainer,org.myproject.ms.monitoring.ItemNamer,FIELD,1
org.myproject.ms.monitoring.trace.DChainer,org.myproject.ms.monitoring.lgger.ItemLogger,FIELD,1
org.myproject.ms.monitoring.trace.DChainer,org.myproject.ms.monitoring.ItemReporter,FIELD,1
org.myproject.ms.monitoring.trace.DChainer,org.myproject.ms.monitoring.ChainKeys,FIELD,1
org.myproject.ms.monitoring.trace.DChainer,org.myproject.ms.monitoring.util.ItemNameUtil,CALL,2
org.myproject.ms.monitoring.trace.DChainer,org.myproject.ms.monitoring.Item.SpanBuilder,CALL,27
org.myproject.ms.monitoring.trace.DChainer,org.myproject.ms.monitoring.Item,CALL,28
org.myproject.ms.monitoring.trace.DChainer,org.myproject.ms.monitoring.lgger.ItemLogger,CALL,7
org.myproject.ms.monitoring.trace.DChainer,org.myproject.ms.monitoring.trace.ICHolder,CALL,9
org.myproject.ms.monitoring.trace.DChainer,org.myproject.ms.monitoring.util.ExceptionUtils,CALL,2
org.myproject.ms.monitoring.trace.DChainer,org.myproject.ms.monitoring.ItemReporter,CALL,2
org.myproject.ms.monitoring.trace.DChainer,org.myproject.ms.monitoring.Sampler,CALL,1
org.myproject.ms.monitoring.trace.DChainer,org.myproject.ms.monitoring.ChainKeys,CALL,1
org.myproject.ms.monitoring.trace.DChainer,org.myproject.ms.monitoring.instrument.async.SCTCall,CALL,1
org.myproject.ms.monitoring.trace.DChainer,org.myproject.ms.monitoring.instrument.async.SCTRun,CALL,1
org.myproject.ms.monitoring.trace.ICHolder,org.myproject.ms.monitoring.trace.ICHolder.SpanContext,FIELD,1
org.myproject.ms.monitoring.trace.ICHolder,org.myproject.ms.monitoring.trace.ICHolder.SpanFunction,CALL,1
org.myproject.ms.monitoring.trace.ICHolder,org.myproject.ms.monitoring.Item,CALL,1
org.myproject.ms.monitoring.trace.ICHolder,org.myproject.ms.monitoring.trace.ICHolder.NoOpFunction,CALL,1
org.myproject.ms.monitoring.trace.ICHolder,org.myproject.ms.monitoring.trace.ICHolder.SpanContext,CALL,1
org.myproject.ms.monitoring.trace.ICHolder.SpanContext,org.myproject.ms.monitoring.Item,FIELD,1
org.myproject.ms.monitoring.trace.ICHolder.NoOpFunction,org.myproject.ms.monitoring.trace.ICHolder.SpanFunction,IMPLEMENTS,1
org.myproject.ms.monitoring.util.ArrayListItemAccum,org.myproject.ms.monitoring.ItemReporter,IMPLEMENTS,1
org.myproject.ms.monitoring.util.ArrayListItemAccum,org.myproject.ms.monitoring.Item,FIELD,1
adminbasic.config.SecurityConfig,edu.fudan.common.security.jwt.JWTFilter,CALL,1
adminbasic.controller.AdminBasicInfoController,adminbasic.service.AdminBasicInfoService,FIELD,1
adminbasic.service.AdminBasicInfoServiceImpl,adminbasic.service.AdminBasicInfoService,IMPLEMENTS,1
adminorder.config.SecurityConfig,edu.fudan.common.security.jwt.JWTFilter,CALL,1
adminorder.controller.AdminOrderController,adminorder.service.AdminOrderService,FIELD,1
adminorder.service.AdminOrderServiceImpl,adminorder.service.AdminOrderService,IMPLEMENTS,1
adminroute.config.SecurityConfig,edu.fudan.common.security.jwt.JWTFilter,CALL,1
adminroute.controller.AdminRouteController,adminroute.service.AdminRouteService,FIELD,1
adminroute.service.AdminRouteServiceImpl,adminroute.service.AdminRouteService,IMPLEMENTS,1
adminroute.service.AdminRouteServiceImpl,edu.fudan.common.entity.RouteInfo,CALL,1
admintravel.config.SecurityConfig,edu.fudan.common.security.jwt.JWTFilter,CALL,1
admintravel.controller.AdminTravelController,admintravel.service.AdminTravelService,FIELD,1
admintravel.service.AdminTravelServiceImpl,admintravel.service.AdminTravelService,IMPLEMENTS,1
adminuser.config.SecurityConfig,edu.fudan.common.security.jwt.JWTFilter,CALL,1
adminuser.controller.AdminUserController,adminuser.service.AdminUserService,FIELD,1
adminuser.service.AdminUserServiceImpl,adminuser.service.AdminUserService,IMPLEMENTS,1
assurance.config.SecurityConfig,edu.fudan.common.security.jwt.JWTFilter,CALL,1
assurance.controller.AssuranceController,assurance.service.AssuranceService,FIELD,1
assurance.entity.Assurance,assurance.entity.AssuranceType,FIELD,1
assurance.init.InitData,assurance.service.AssuranceService,FIELD,1
assurance.init.InitData,assurance.repository.AssuranceRepository,FIELD,1
assurance.service.AssuranceServiceImpl,assurance.service.AssuranceService,IMPLEMENTS,1
assurance.service.AssuranceServiceImpl,assurance.repository.AssuranceRepository,FIELD,1
assurance.service.AssuranceServiceImpl,assurance.repository.AssuranceRepository,CALL,8
assurance.service.AssuranceServiceImpl,assurance.entity.AssuranceType,CALL,6
assurance.service.AssuranceServiceImpl,assurance.entity.Assurance,CALL,1
assurance.service.AssuranceServiceImpl,assurance.entity.PlainAssurance,CALL,1
assurance.service.AssuranceServiceImpl,assurance.entity.AssuranceTypeBean,CALL,1
auth.config.WebSecurityConfig,edu.fudan.common.security.jwt.JWTFilter,CALL,1
auth.controller.AuthController,auth.service.UserService,FIELD,1
auth.controller.AuthController,auth.service.UserService,CALL,1
auth.controller.UserController,auth.service.UserService,FIELD,1
auth.controller.UserController,auth.service.TokenService,FIELD,1
auth.init.InitUser,auth.repository.UserRepository,FIELD,1
auth.init.InitUser,auth.repository.UserRepository,CALL,2
auth.init.InitUser,auth.entity.User,CALL,4
auth.security.jwt.JWTProvider,auth.entity.User,CALL,1
auth.security.UserDetailsServiceImpl,auth.repository.UserRepository,FIELD,1
auth.security.UserDetailsServiceImpl,auth.repository.UserRepository,CALL,1
auth.service.impl.TokenServiceImpl,auth.service.TokenService,IMPLEMENTS,1
auth.service.impl.TokenServiceImpl,auth.security.jwt.JWTProvider,FIELD,1
auth.service.impl.TokenServiceImpl,auth.repository.UserRepository,FIELD,1
auth.service.impl.TokenServiceImpl,auth.repository.UserRepository,CALL,1
auth.service.impl.TokenServiceImpl,auth.security.jwt.JWTProvider,CALL,1
auth.service.impl.TokenServiceImpl,auth.exception.UserOperationException,CALL,1
auth.service.impl.UserServiceImpl,auth.service.UserService,IMPLEMENTS,1
auth.service.impl.UserServiceImpl,auth.repository.UserRepository,FIELD,1
auth.service.impl.UserServiceImpl,auth.repository.UserRepository,CALL,1
auth.service.impl.UserServiceImpl,auth.entity.User,CALL,5
auth.service.impl.UserServiceImpl,auth.exception.UserOperationException,CALL,1
fdse.microservice.config.SecurityConfig,edu.fudan.common.security.jwt.JWTFilter,CALL,2
fdse.microservice.controller.BasicController,fdse.microservice.service.BasicService,FIELD,1
fdse.microservice.service.BasicServiceImpl,fdse.microservice.service.BasicService,IMPLEMENTS,1
fdse.microservice.service.BasicServiceImpl,edu.fudan.common.util.Response,CALL,2
fdse.microservice.service.BasicServiceImpl,edu.fudan.common.entity.TravelResult,CALL,2
cancel.config.SecurityConfig,edu.fudan.common.security.jwt.JWTFilter,CALL,1
cancel.controller.CancelController,cancel.service.CancelService,FIELD,1
cancel.entity.GetAccountByIdResult,edu.fudan.common.entity.Account,FIELD,1
cancel.service.CancelServiceImpl,cancel.service.CancelService,IMPLEMENTS,1
cancel.service.CancelServiceImpl,edu.fudan.common.entity.OrderStatus,CALL,15
cancel.service.CancelServiceImpl,edu.fudan.common.entity.NotifyInfo,CALL,1
edu.fudan.common.entity.Account,edu.fudan.common.entity.Gender,CALL,1
edu.fudan.common.entity.Account,edu.fudan.common.entity.DocumentType,CALL,1
edu.fudan.common.entity.AdminTrip,edu.fudan.common.entity.Trip,FIELD,1
edu.fudan.common.entity.AdminTrip,edu.fudan.common.entity.TrainType,FIELD,1
edu.fudan.common.entity.AdminTrip,edu.fudan.common.entity.Route,FIELD,1
edu.fudan.common.entity.Assurance,edu.fudan.common.entity.AssuranceType,FIELD,1
edu.fudan.common.entity.LeftTicketInfo,edu.fudan.common.entity.Ticket,FIELD,1
edu.fudan.common.entity.Order,edu.fudan.common.util.StringUtils,CALL,2
edu.fudan.common.entity.Order,edu.fudan.common.entity.SeatClass,CALL,1
edu.fudan.common.entity.Order,edu.fudan.common.entity.OrderStatus,CALL,1
edu.fudan.common.entity.OrderAlterInfo,edu.fudan.common.entity.Order,FIELD,1
edu.fudan.common.entity.OrderAlterInfo,edu.fudan.common.entity.Order,CALL,1
edu.fudan.common.entity.OrderTicketsInfo,edu.fudan.common.util.StringUtils,CALL,2
edu.fudan.common.entity.RoutePlanInfo,edu.fudan.common.util.StringUtils,CALL,2
edu.fudan.common.entity.StationFoodStore,edu.fudan.common.entity.Food,FIELD,1
edu.fudan.common.entity.TrainFood,edu.fudan.common.entity.Food,FIELD,1
edu.fudan.common.entity.Travel,edu.fudan.common.entity.Trip,FIELD,1
edu.fudan.common.entity.TravelResult,edu.fudan.common.entity.TrainType,FIELD,1
edu.fudan.common.entity.TravelResult,edu.fudan.common.entity.Route,FIELD,1
edu.fudan.common.entity.Trip,edu.fudan.common.entity.TripId,FIELD,1
edu.fudan.common.entity.Trip,edu.fudan.common.util.StringUtils,CALL,3
edu.fudan.common.entity.TripAllDetail,edu.fudan.common.entity.TripResponse,FIELD,1
edu.fudan.common.entity.TripAllDetail,edu.fudan.common.entity.Trip,FIELD,1
edu.fudan.common.entity.TripAllDetailInfo,edu.fudan.common.util.StringUtils,CALL,2
edu.fudan.common.entity.TripId,edu.fudan.common.entity.Type,FIELD,1
edu.fudan.common.entity.TripId,edu.fudan.common.entity.Type,CALL,1
edu.fudan.common.entity.TripInfo,edu.fudan.common.util.StringUtils,CALL,2
edu.fudan.common.entity.TripResponse,edu.fudan.common.entity.TripId,FIELD,1
edu.fudan.common.exception.TokenException,edu.fudan.common.exception.BaseException,EXTENDS,1
edu.fudan.common.security.jwt.JWTUtil,edu.fudan.common.exception.TokenException,CALL,5
config.controller.ConfigController,config.service.ConfigService,FIELD,1
config.init.InitData,config.service.ConfigService,FIELD,1
config.init.InitData,config.entity.Config,CALL,1
config.SecurityConfig,edu.fudan.common.security.jwt.JWTFilter,CALL,1
config.service.ConfigServiceImpl,config.service.ConfigService,IMPLEMENTS,1
config.service.ConfigServiceImpl,config.repository.ConfigRepository,FIELD,1
config.service.ConfigServiceImpl,config.repository.ConfigRepository,CALL,4
consignprice.config.SecurityConfig,edu.fudan.common.security.jwt.JWTFilter,CALL,1
consignprice.controller.ConsignPriceController,consignprice.service.ConsignPriceService,FIELD,1
consignprice.init.InitData,consignprice.service.ConsignPriceService,FIELD,1
consignprice.init.InitData,consignprice.entity.ConsignPrice,CALL,1
consignprice.service.ConsignPriceServiceImpl,consignprice.service.ConsignPriceService,IMPLEMENTS,1
consignprice.service.ConsignPriceServiceImpl,consignprice.repository.ConsignPriceConfigRepository,FIELD,1
consignprice.service.ConsignPriceServiceImpl,consignprice.repository.ConsignPriceConfigRepository,CALL,5
consignprice.service.ConsignPriceServiceImpl,consignprice.entity.ConsignPrice,CALL,1
consign.config.SecurityConfig,edu.fudan.common.security.jwt.JWTFilter,CALL,1
consign.controller.ConsignController,consign.service.ConsignService,FIELD,1
consign.init.InitData,consign.service.ConsignService,FIELD,1
consign.init.InitData,consign.repository.ConsignRepository,FIELD,1
consign.service.ConsignServiceImpl,consign.service.ConsignService,IMPLEMENTS,1
consign.service.ConsignServiceImpl,consign.repository.ConsignRepository,FIELD,1
consign.service.ConsignServiceImpl,consign.repository.ConsignRepository,CALL,3
consign.service.ConsignServiceImpl,consign.entity.ConsignRecord,CALL,1
contacts.config.SecurityConfig,edu.fudan.common.security.jwt.JWTFilter,CALL,1
contacts.controller.ContactsController,contacts.service.ContactsService,FIELD,1
contacts.init.InitData,contacts.service.ContactsService,FIELD,1
contacts.init.InitData,contacts.entity.DocumentType,CALL,2
contacts.init.InitData,contacts.entity.Contacts,CALL,2
contacts.service.ContactsServiceImpl,contacts.service.ContactsService,IMPLEMENTS,1
contacts.service.ContactsServiceImpl,contacts.repository.ContactsRepository,FIELD,1
contacts.service.ContactsServiceImpl,contacts.repository.ContactsRepository,CALL,5
delivery.mq.RabbitReceive,delivery.repository.DeliveryRepository,FIELD,1
delivery.mq.RabbitReceive,edu.fudan.common.util.JsonUtils,CALL,1
execute.config.SecurityConfig,edu.fudan.common.security.jwt.JWTFilter,CALL,1
execute.controller.ExecuteControlller,execute.serivce.ExecuteService,FIELD,1
execute.serivce.ExecuteServiceImpl,execute.serivce.ExecuteService,IMPLEMENTS,1
execute.serivce.ExecuteServiceImpl,edu.fudan.common.entity.OrderStatus,CALL,10
food_delivery.config.SecurityConfig,edu.fudan.common.security.jwt.JWTFilter,CALL,1
food_delivery.controller.FoodDeliveryController,food_delivery.service.FoodDeliveryService,FIELD,1
food_delivery.entity.FoodDeliveryOrder,edu.fudan.common.entity.Food,FIELD,1
food_delivery.entity.StationFoodStoreInfo,edu.fudan.common.entity.Food,FIELD,1
food_delivery.init.InitData,food_delivery.service.FoodDeliveryService,FIELD,1
food_delivery.service.FoodDeliveryServiceImpl,food_delivery.service.FoodDeliveryService,IMPLEMENTS,1
food_delivery.service.FoodDeliveryServiceImpl,food_delivery.repository.FoodDeliveryOrderRepository,FIELD,1
food_delivery.service.FoodDeliveryServiceImpl,food_delivery.repository.FoodDeliveryOrderRepository,CALL,2
foodsearch.config.SecurityConfig,edu.fudan.common.security.jwt.JWTFilter,CALL,1
foodsearch.controller.FoodController,foodsearch.service.FoodService,FIELD,1
foodsearch.controller.FoodController,foodsearch.mq.RabbitSend,FIELD,1
foodsearch.controller.FoodController,edu.fudan.common.util.JsonUtils,CALL,1
foodsearch.controller.FoodController,foodsearch.mq.RabbitSend,CALL,1
foodsearch.controller.FoodController,foodsearch.entity.Delivery,CALL,1
foodsearch.entity.AllTripFood,edu.fudan.common.entity.Food,FIELD,1
foodsearch.entity.AllTripFood,edu.fudan.common.entity.StationFoodStore,FIELD,1
foodsearch.service.FoodServiceImpl,foodsearch.service.FoodService,IMPLEMENTS,1
foodsearch.service.FoodServiceImpl,foodsearch.repository.FoodOrderRepository,FIELD,1
foodsearch.service.FoodServiceImpl,foodsearch.mq.RabbitSend,FIELD,1
foodsearch.service.FoodServiceImpl,edu.fudan.common.util.JsonUtils,CALL,2
foodsearch.service.FoodServiceImpl,foodsearch.mq.RabbitSend,CALL,2
foodsearch.service.FoodServiceImpl,foodsearch.repository.FoodOrderRepository,CALL,4
foodsearch.service.FoodServiceImpl,foodsearch.entity.FoodOrder,CALL,2
foodsearch.service.FoodServiceImpl,foodsearch.entity.Delivery,CALL,2
foodsearch.service.FoodServiceImpl,foodsearch.entity.AllTripFood,CALL,1
inside_payment.config.SecurityConfig,edu.fudan.common.security.jwt.JWTFilter,CALL,1
inside_payment.controller.InsidePaymentController,inside_payment.service.InsidePaymentService,FIELD,1
inside_payment.entity.Money,inside_payment.entity.MoneyType,FIELD,1
inside_payment.entity.Payment,inside_payment.entity.PaymentType,FIELD,1
inside_payment.init.InitData,inside_payment.service.InsidePaymentService,FIELD,1
inside_payment.init.InitData,inside_payment.repository.PaymentRepository,FIELD,1
inside_payment.init.InitData,inside_payment.repository.AddMoneyRepository,FIELD,1
inside_payment.init.InitData,inside_payment.entity.AccountInfo,CALL,1
inside_payment.init.InitData,inside_payment.entity.Payment,CALL,1
inside_payment.service.InsidePaymentServiceImpl,inside_payment.service.InsidePaymentService,IMPLEMENTS,1
inside_payment.service.InsidePaymentServiceImpl,inside_payment.repository.AddMoneyRepository,FIELD,1
inside_payment.service.InsidePaymentServiceImpl,inside_payment.repository.PaymentRepository,FIELD,1
inside_payment.service.InsidePaymentServiceImpl,edu.fudan.common.entity.OrderStatus,CALL,1
inside_payment.service.InsidePaymentServiceImpl,inside_payment.repository.PaymentRepository,CALL,5
inside_payment.service.InsidePaymentServiceImpl,inside_payment.repository.AddMoneyRepository,CALL,7
inside_payment.service.InsidePaymentServiceImpl,inside_payment.entity.Payment,CALL,4
inside_payment.service.InsidePaymentServiceImpl,inside_payment.entity.Money,CALL,3
inside_payment.service.InsidePaymentServiceImpl,inside_payment.entity.Balance,CALL,1
notification.config.EmailConfig,notification.config.EmailProperties,FIELD,1
notification.config.SecurityConfig,edu.fudan.common.security.jwt.JWTFilter,CALL,1
notification.controller.NotificationController,notification.service.NotificationService,FIELD,1
notification.controller.NotificationController,notification.mq.RabbitSend,FIELD,1
notification.controller.NotificationController,notification.mq.RabbitSend,CALL,1
notification.controller.NotificationController,notification.entity.NotifyInfo,CALL,1
notification.mq.RabbitReceive,notification.service.MailService,FIELD,1
notification.mq.RabbitReceive,notification.repository.NotifyRepository,FIELD,1
notification.mq.RabbitReceive,edu.fudan.common.util.JsonUtils,CALL,1
notification.mq.RabbitReceive,notification.service.MailService,CALL,1
notification.mq.RabbitReceive,notification.entity.Mail,CALL,1
notification.service.NotificationServiceImpl,notification.service.NotificationService,IMPLEMENTS,1
notification.service.NotificationServiceImpl,notification.service.MailService,FIELD,1
notification.service.NotificationServiceImpl,notification.service.MailService,CALL,4
notification.service.NotificationServiceImpl,notification.entity.Mail,CALL,4
other.config.SecurityConfig,edu.fudan.common.security.jwt.JWTFilter,CALL,1
other.controller.OrderOtherController,other.service.OrderOtherService,FIELD,1
other.controller.OrderOtherController,edu.fudan.common.util.StringUtils,CALL,2
other.entity.Order,edu.fudan.common.util.StringUtils,CALL,2
other.entity.Order,edu.fudan.common.entity.SeatClass,CALL,1
other.entity.Order,edu.fudan.common.entity.OrderStatus,CALL,1
other.entity.OrderAlterInfo,other.entity.Order,FIELD,1
other.entity.OrderAlterInfo,other.entity.Order,CALL,1
other.init.InitData,other.service.OrderOtherService,FIELD,1
other.init.InitData,edu.fudan.common.entity.SeatClass,CALL,1
other.init.InitData,edu.fudan.common.entity.OrderStatus,CALL,1
other.init.InitData,other.entity.Order,CALL,1
other.service.OrderOtherServiceImpl,other.service.OrderOtherService,IMPLEMENTS,1
other.service.OrderOtherServiceImpl,other.repository.OrderOtherRepository,FIELD,1
other.service.OrderOtherServiceImpl,edu.fudan.common.entity.LeftTicketInfo,CALL,2
other.service.OrderOtherServiceImpl,other.repository.OrderOtherRepository,CALL,14
other.service.OrderOtherServiceImpl,edu.fudan.common.entity.OrderStatus,CALL,7
other.service.OrderOtherServiceImpl,edu.fudan.common.util.StringUtils,CALL,1
other.service.OrderOtherServiceImpl,edu.fudan.common.entity.SeatClass,CALL,9
other.service.OrderOtherServiceImpl,edu.fudan.common.entity.Ticket,CALL,1
other.service.OrderOtherServiceImpl,edu.fudan.common.entity.SoldTicket,CALL,1
other.service.OrderOtherServiceImpl,edu.fudan.common.entity.OrderSecurity,CALL,1
order.config.SecurityConfig,edu.fudan.common.security.jwt.JWTFilter,CALL,1
order.controller.OrderController,order.service.OrderService,FIELD,1
order.controller.OrderController,order.entity.OrderInfo,CALL,4
order.controller.OrderController,edu.fudan.common.util.StringUtils,CALL,2
order.entity.Order,edu.fudan.common.util.StringUtils,CALL,2
order.entity.Order,edu.fudan.common.entity.SeatClass,CALL,1
order.entity.Order,edu.fudan.common.entity.OrderStatus,CALL,1
order.entity.OrderAlterInfo,order.entity.Order,FIELD,1
order.entity.OrderAlterInfo,order.entity.Order,CALL,1
order.init.InitData,order.service.OrderService,FIELD,1
order.init.InitData,order.entity.Order,CALL,3
order.service.OrderServiceImpl,order.service.OrderService,IMPLEMENTS,1
order.service.OrderServiceImpl,order.repository.OrderRepository,FIELD,1
order.service.OrderServiceImpl,edu.fudan.common.entity.LeftTicketInfo,CALL,2
order.service.OrderServiceImpl,order.repository.OrderRepository,CALL,13
order.service.OrderServiceImpl,edu.fudan.common.entity.OrderStatus,CALL,7
order.service.OrderServiceImpl,order.entity.OrderInfo,CALL,8
order.service.OrderServiceImpl,edu.fudan.common.util.StringUtils,CALL,1
order.service.OrderServiceImpl,edu.fudan.common.entity.SeatClass,CALL,9
order.service.OrderServiceImpl,edu.fudan.common.entity.SoldTicket,CALL,1
order.service.OrderServiceImpl,edu.fudan.common.entity.OrderSecurity,CALL,1
com.trainticket.config.SecurityConfig,edu.fudan.common.security.jwt.JWTFilter,CALL,1
com.trainticket.controller.PaymentController,com.trainticket.service.PaymentService,FIELD,1
com.trainticket.init.InitData,com.trainticket.service.PaymentService,FIELD,1
com.trainticket.init.InitData,com.trainticket.repository.PaymentRepository,FIELD,1
com.trainticket.init.InitData,com.trainticket.entity.Payment,CALL,1
com.trainticket.service.PaymentServiceImpl,com.trainticket.service.PaymentService,IMPLEMENTS,1
com.trainticket.service.PaymentServiceImpl,com.trainticket.repository.PaymentRepository,FIELD,1
com.trainticket.service.PaymentServiceImpl,com.trainticket.repository.AddMoneyRepository,FIELD,1
com.trainticket.service.PaymentServiceImpl,com.trainticket.repository.PaymentRepository,CALL,1
com.trainticket.service.PaymentServiceImpl,com.trainticket.entity.Payment,CALL,1
com.trainticket.service.PaymentServiceImpl,com.trainticket.entity.Money,CALL,1
preserveOther.config.SecurityConfig,edu.fudan.common.security.jwt.JWTFilter,CALL,1
preserveOther.controller.PreserveOtherController,preserveOther.service.PreserveOtherService,FIELD,1
preserveOther.controller.PreserveOtherController,edu.fudan.common.entity.OrderTicketsInfo,CALL,2
preserveOther.service.PreserveOtherServiceImpl,preserveOther.service.PreserveOtherService,IMPLEMENTS,1
preserveOther.service.PreserveOtherServiceImpl,preserveOther.mq.RabbitSend,FIELD,1
preserveOther.service.PreserveOtherServiceImpl,edu.fudan.common.entity.OrderTicketsInfo,CALL,6
preserveOther.service.PreserveOtherServiceImpl,edu.fudan.common.entity.SeatClass,CALL,7
preserveOther.service.PreserveOtherServiceImpl,edu.fudan.common.util.StringUtils,CALL,2
preserveOther.service.PreserveOtherServiceImpl,edu.fudan.common.entity.OrderStatus,CALL,1
preserveOther.service.PreserveOtherServiceImpl,edu.fudan.common.util.JsonUtils,CALL,1
preserveOther.service.PreserveOtherServiceImpl,preserveOther.mq.RabbitSend,CALL,1
preserveOther.service.PreserveOtherServiceImpl,edu.fudan.common.entity.TripAllDetailInfo,CALL,1
preserveOther.service.PreserveOtherServiceImpl,edu.fudan.common.entity.Order,CALL,1
preserveOther.service.PreserveOtherServiceImpl,edu.fudan.common.entity.Travel,CALL,1
preserveOther.service.PreserveOtherServiceImpl,edu.fudan.common.entity.FoodOrder,CALL,1
preserveOther.service.PreserveOtherServiceImpl,edu.fudan.common.entity.Consign,CALL,1
preserveOther.service.PreserveOtherServiceImpl,edu.fudan.common.entity.NotifyInfo,CALL,1
preserveOther.service.PreserveOtherServiceImpl,edu.fudan.common.entity.Seat,CALL,1
preserve.config.SecurityConfig,edu.fudan.common.security.jwt.JWTFilter,CALL,1
preserve.controller.PreserveController,preserve.service.PreserveService,FIELD,1
preserve.controller.PreserveController,edu.fudan.common.entity.OrderTicketsInfo,CALL,2
preserve.service.PreserveServiceImpl,preserve.service.PreserveService,IMPLEMENTS,1
preserve.service.PreserveServiceImpl,preserve.mq.RabbitSend,FIELD,1
preserve.service.PreserveServiceImpl,edu.fudan.common.entity.OrderTicketsInfo,CALL,6
preserve.service.PreserveServiceImpl,edu.fudan.common.entity.SeatClass,CALL,7
preserve.service.PreserveServiceImpl,edu.fudan.common.util.StringUtils,CALL,2
preserve.service.PreserveServiceImpl,edu.fudan.common.entity.OrderStatus,CALL,1
preserve.service.PreserveServiceImpl,edu.fudan.common.util.JsonUtils,CALL,1
preserve.service.PreserveServiceImpl,preserve.mq.RabbitSend,CALL,1
preserve.service.PreserveServiceImpl,edu.fudan.common.entity.TripAllDetailInfo,CALL,1
preserve.service.PreserveServiceImpl,edu.fudan.common.entity.Order,CALL,1
preserve.service.PreserveServiceImpl,edu.fudan.common.entity.Travel,CALL,1
preserve.service.PreserveServiceImpl,edu.fudan.common.entity.FoodOrder,CALL,1
preserve.service.PreserveServiceImpl,edu.fudan.common.entity.Consign,CALL,1
preserve.service.PreserveServiceImpl,edu.fudan.common.entity.NotifyInfo,CALL,1
preserve.service.PreserveServiceImpl,edu.fudan.common.entity.Seat,CALL,1
price.config.SecurityConfig,edu.fudan.common.security.jwt.JWTFilter,CALL,1
price.controller.PriceController,price.service.PriceService,FIELD,1
price.init.InitData,price.service.PriceService,FIELD,1
price.init.InitData,price.entity.PriceConfig,CALL,1
price.service.PriceServiceImpl,price.service.PriceService,IMPLEMENTS,1
price.service.PriceServiceImpl,price.repository.PriceConfigRepository,FIELD,1
price.service.PriceServiceImpl,price.repository.PriceConfigRepository,CALL,5
price.service.PriceServiceImpl,price.entity.PriceConfig,CALL,2
rebook.config.SecurityConfig,edu.fudan.common.security.jwt.JWTFilter,CALL,1
rebook.controller.RebookController,rebook.service.RebookService,FIELD,1
rebook.entity.RebookInfo,edu.fudan.common.util.StringUtils,CALL,1
rebook.service.RebookServiceImpl,rebook.service.RebookService,IMPLEMENTS,1
rebook.service.RebookServiceImpl,edu.fudan.common.entity.OrderStatus,CALL,5
rebook.service.RebookServiceImpl,edu.fudan.common.entity.SeatClass,CALL,11
rebook.service.RebookServiceImpl,edu.fudan.common.util.StringUtils,CALL,3
rebook.service.RebookServiceImpl,edu.fudan.common.entity.TripAllDetailInfo,CALL,2
rebook.service.RebookServiceImpl,edu.fudan.common.entity.Order,CALL,1
rebook.service.RebookServiceImpl,edu.fudan.common.entity.Seat,CALL,1
rebook.service.RebookServiceImpl,edu.fudan.common.entity.PaymentDifferenceInfo,CALL,1
plan.config.SecurityConfig,edu.fudan.common.security.jwt.JWTFilter,CALL,1
plan.controller.RoutePlanController,plan.service.RoutePlanService,FIELD,1
plan.controller.RoutePlanController,edu.fudan.common.entity.RoutePlanInfo,CALL,6
plan.service.RoutePlanServiceImpl,plan.service.RoutePlanService,IMPLEMENTS,1
plan.service.RoutePlanServiceImpl,edu.fudan.common.entity.RoutePlanInfo,CALL,10
plan.service.RoutePlanServiceImpl,edu.fudan.common.entity.TripInfo,CALL,2
plan.service.RoutePlanServiceImpl,edu.fudan.common.entity.RoutePlanResultUnit,CALL,3
plan.service.RoutePlanServiceImpl,edu.fudan.common.entity.TripAllDetailInfo,CALL,1
route.config.SecurityConfig,edu.fudan.common.security.jwt.JWTFilter,CALL,1
route.controller.RouteController,route.service.RouteService,FIELD,1
route.init.InitData,route.service.RouteService,FIELD,1
route.init.InitData,route.entity.RouteInfo,CALL,1
route.service.RouteServiceImpl,route.service.RouteService,IMPLEMENTS,1
route.service.RouteServiceImpl,route.repository.RouteRepository,FIELD,1
route.service.RouteServiceImpl,route.repository.RouteRepository,CALL,6
route.service.RouteServiceImpl,route.entity.Route,CALL,1
seat.config.SecurityConfig,edu.fudan.common.security.jwt.JWTFilter,CALL,1
seat.controller.SeatController,seat.service.SeatService,FIELD,1
seat.service.SeatServiceImpl,seat.service.SeatService,IMPLEMENTS,1
seat.service.SeatServiceImpl,edu.fudan.common.entity.Ticket,CALL,1
security.config.SecurityConfig,edu.fudan.common.security.jwt.JWTFilter,CALL,1
security.controller.SecurityController,security.service.SecurityService,FIELD,1
security.init.InitData,security.service.SecurityService,FIELD,1
security.init.InitData,security.entity.SecurityConfig,CALL,2
security.service.SecurityServiceImpl,security.service.SecurityService,IMPLEMENTS,1
security.service.SecurityServiceImpl,security.repository.SecurityRepository,FIELD,1
security.service.SecurityServiceImpl,security.repository.SecurityRepository,CALL,5
security.service.SecurityServiceImpl,security.entity.SecurityConfig,CALL,1
food.config.SecurityConfig,edu.fudan.common.security.jwt.JWTFilter,CALL,1
food.controller.StationFoodController,food.service.StationFoodService,FIELD,1
food.controller.StationFoodController,food.service.StationFoodService,CALL,2
food.entity.StationFoodStore,edu.fudan.common.entity.Food,FIELD,1
food.init.InitData,food.service.StationFoodService,FIELD,1
food.init.InitData,food.entity.StationFoodStore,CALL,1
food.init.InitData,edu.fudan.common.entity.Food,CALL,1
food.service.StationFoodServiceImpl,food.service.StationFoodService,IMPLEMENTS,1
food.service.StationFoodServiceImpl,food.repository.StationFoodRepository,FIELD,1
food.service.StationFoodServiceImpl,food.repository.StationFoodRepository,CALL,4
fdse.microservice.controller.StationController,fdse.microservice.service.StationService,FIELD,1
fdse.microservice.init.InitData,fdse.microservice.service.StationService,FIELD,1
fdse.microservice.init.InitData,fdse.microservice.entity.Station,CALL,26
fdse.microservice.service.StationServiceImpl,fdse.microservice.service.StationService,IMPLEMENTS,1
fdse.microservice.service.StationServiceImpl,fdse.microservice.repository.StationRepository,FIELD,1
fdse.microservice.service.StationServiceImpl,fdse.microservice.repository.StationRepository,CALL,7
trainFood.config.SecurityConfig,edu.fudan.common.security.jwt.JWTFilter,CALL,1
trainFood.controller.TrainFoodController,trainFood.service.TrainFoodService,FIELD,1
trainFood.entity.TrainFood,edu.fudan.common.entity.Food,FIELD,1
trainFood.init.InitData,trainFood.service.TrainFoodService,FIELD,1
trainFood.init.InitData,trainFood.entity.TrainFood,CALL,1
trainFood.init.InitData,edu.fudan.common.entity.Food,CALL,1
trainFood.service.TrainFoodServiceImpl,trainFood.service.TrainFoodService,IMPLEMENTS,1
trainFood.service.TrainFoodServiceImpl,trainFood.repository.TrainFoodRepository,FIELD,1
trainFood.service.TrainFoodServiceImpl,trainFood.repository.TrainFoodRepository,CALL,2
train.config.SecurityConfig,edu.fudan.common.security.jwt.JWTFilter,CALL,1
train.controller.TrainController,train.service.TrainService,FIELD,1
train.init.InitData,train.service.TrainService,FIELD,1
train.init.InitData,train.entity.TrainType,CALL,6
train.service.TrainServiceImpl,train.service.TrainService,IMPLEMENTS,1
train.service.TrainServiceImpl,train.repository.TrainTypeRepository,FIELD,1
train.service.TrainServiceImpl,train.repository.TrainTypeRepository,CALL,7
travelplan.config.SecurityConfig,edu.fudan.common.security.jwt.JWTFilter,CALL,1
travelplan.controller.TravelPlanController,travelplan.service.TravelPlanService,FIELD,1
travelplan.controller.TravelPlanController,edu.fudan.common.entity.TripInfo,CALL,6
travelplan.entity.TransferTravelInfo,edu.fudan.common.util.StringUtils,CALL,1
travelplan.entity.TransferTravelResult,edu.fudan.common.entity.TripResponse,FIELD,2
travelplan.service.TravelPlanServiceImpl,travelplan.service.TravelPlanService,IMPLEMENTS,1
travelplan.service.TravelPlanServiceImpl,edu.fudan.common.util.StringUtils,CALL,2
travelplan.service.TravelPlanServiceImpl,travelplan.entity.TransferTravelInfo,CALL,2
travelplan.service.TravelPlanServiceImpl,edu.fudan.common.entity.TripInfo,CALL,8
travelplan.service.TravelPlanServiceImpl,edu.fudan.common.entity.SeatClass,CALL,6
travelplan.service.TravelPlanServiceImpl,travelplan.entity.TransferTravelResult,CALL,1
travelplan.service.TravelPlanServiceImpl,edu.fudan.common.entity.RoutePlanInfo,CALL,3
travelplan.service.TravelPlanServiceImpl,travelplan.entity.TravelAdvanceResultUnit,CALL,3
travelplan.service.TravelPlanServiceImpl,edu.fudan.common.entity.Seat,CALL,1
travel.config.SecurityConfig,edu.fudan.common.security.jwt.JWTFilter,CALL,1
travel.controller.TravelController,travel.service.TravelService,FIELD,1
travel.controller.TravelController,edu.fudan.common.entity.TripInfo,CALL,8
travel.entity.AdminTrip,travel.entity.Trip,FIELD,1
travel.entity.AdminTrip,edu.fudan.common.entity.TrainType,FIELD,1
travel.entity.AdminTrip,edu.fudan.common.entity.Route,FIELD,1
travel.entity.Travel,travel.entity.Trip,FIELD,1
travel.entity.Trip,edu.fudan.common.entity.TripId,FIELD,1
travel.entity.Trip,edu.fudan.common.util.StringUtils,CALL,3
travel.entity.TripAllDetail,edu.fudan.common.entity.TripResponse,FIELD,1
travel.entity.TripAllDetail,travel.entity.Trip,FIELD,1
travel.init.InitData,travel.service.TravelService,FIELD,1
travel.init.InitData,edu.fudan.common.entity.TravelInfo,CALL,1
travel.service.TravelServiceImpl,travel.service.TravelService,IMPLEMENTS,1
travel.service.TravelServiceImpl,travel.repository.TripRepository,FIELD,1
travel.service.TravelServiceImpl,travel.repository.TripRepository,CALL,15
travel.service.TravelServiceImpl,edu.fudan.common.entity.TripId,CALL,6
travel.service.TravelServiceImpl,edu.fudan.common.entity.TripInfo,CALL,8
travel.service.TravelServiceImpl,edu.fudan.common.entity.TripAllDetailInfo,CALL,2
travel.service.TravelServiceImpl,edu.fudan.common.entity.SeatClass,CALL,2
travel.service.TravelServiceImpl,edu.fudan.common.util.StringUtils,CALL,3
travel.service.TravelServiceImpl,travel.entity.TripAllDetail,CALL,1
travel.service.TravelServiceImpl,travel.entity.Travel,CALL,2
travel.service.TravelServiceImpl,edu.fudan.common.entity.TripResponse,CALL,1
travel.service.TravelServiceImpl,edu.fudan.common.entity.Route,CALL,1
travel.service.TravelServiceImpl,edu.fudan.common.entity.Seat,CALL,1
travel.service.TravelServiceImpl,travel.entity.AdminTrip,CALL,1
travel.service.TravelServiceImpl.MyCallable,edu.fudan.common.entity.TripInfo,FIELD,1
travel.service.TravelServiceImpl.MyCallable,travel.entity.Trip,FIELD,1
travel.service.TravelServiceImpl.MyCallable,edu.fudan.common.entity.TripInfo,CALL,2
travel2.config.SecurityConfig,edu.fudan.common.security.jwt.JWTFilter,CALL,1
travel2.controller.Travel2Controller,travel2.service.TravelService,FIELD,1
travel2.controller.Travel2Controller,edu.fudan.common.entity.TripInfo,CALL,4
travel2.entity.AdminTrip,travel2.entity.Trip,FIELD,1
travel2.entity.AdminTrip,edu.fudan.common.entity.TrainType,FIELD,1
travel2.entity.AdminTrip,edu.fudan.common.entity.Route,FIELD,1
travel2.entity.Travel,travel2.entity.Trip,FIELD,1
travel2.entity.Trip,edu.fudan.common.entity.TripId,FIELD,1
travel2.entity.Trip,edu.fudan.common.util.StringUtils,CALL,3
travel2.entity.TripAllDetail,edu.fudan.common.entity.TripResponse,FIELD,1
travel2.entity.TripAllDetail,travel2.entity.Trip,FIELD,1
travel2.init.InitData,travel2.service.TravelService,FIELD,1
travel2.init.InitData,edu.fudan.common.entity.TravelInfo,CALL,1
travel2.service.TravelServiceImpl,travel2.service.TravelService,IMPLEMENTS,1
travel2.service.TravelServiceImpl,travel2.repository.TripRepository,FIELD,1
travel2.service.TravelServiceImpl,travel2.repository.TripRepository,CALL,14
travel2.service.TravelServiceImpl,edu.fudan.common.entity.TripId,CALL,6
travel2.service.TravelServiceImpl,edu.fudan.common.entity.TripInfo,CALL,4
travel2.service.TravelServiceImpl,edu.fudan.common.entity.TripAllDetailInfo,CALL,6
travel2.service.TravelServiceImpl,edu.fudan.common.entity.SeatClass,CALL,2
travel2.service.TravelServiceImpl,edu.fudan.common.util.StringUtils,CALL,3
travel2.service.TravelServiceImpl,travel2.entity.TripAllDetail,CALL,1
travel2.service.TravelServiceImpl,travel2.entity.Travel,CALL,2
travel2.service.TravelServiceImpl,edu.fudan.common.entity.TripResponse,CALL,1
travel2.service.TravelServiceImpl,edu.fudan.common.entity.Seat,CALL,1
travel2.service.TravelServiceImpl,travel2.entity.AdminTrip,CALL,1
user.config.SecurityConfig,edu.fudan.common.security.jwt.JWTFilter,CALL,1
user.controller.UserController,user.service.UserService,FIELD,1
user.init.InitUser,user.repository.UserRepository,FIELD,1
user.init.InitUser,user.service.UserService,FIELD,1
user.init.InitUser,user.repository.UserRepository,CALL,1
user.service.impl.UserServiceImpl,user.service.UserService,IMPLEMENTS,1
user.service.impl.UserServiceImpl,user.repository.UserRepository,FIELD,1
user.service.impl.UserServiceImpl,user.repository.UserRepository,CALL,5
verifycode.config.SecurityConfig,edu.fudan.common.security.jwt.JWTFilter,CALL,1
verifycode.controller.VerifyCodeController,verifycode.service.VerifyCodeService,FIELD,1
verifycode.service.impl.VerifyCodeServiceImpl,verifycode.service.VerifyCodeService,IMPLEMENTS,1
waitorder.config.SecurityConfig,edu.fudan.common.security.jwt.JWTFilter,CALL,1
waitorder.controller.WaitListOrderController,waitorder.service.WaitListOrderService,FIELD,1
waitorder.controller.WaitListOrderController,waitorder.entity.WaitListOrderVO,CALL,1
waitorder.entity.WaitListOrder,edu.fudan.common.util.StringUtils,CALL,9
waitorder.entity.WaitListOrder,waitorder.entity.WaitListOrderStatus,CALL,1
waitorder.entity.WaitListOrderStatus,edu.fudan.common.entity.OrderStatus,CALL,4
waitorder.entity.WaitListOrderVO,edu.fudan.common.util.StringUtils,CALL,2
waitorder.service.Impl.WaitListOrderServiceImpl,waitorder.service.WaitListOrderService,IMPLEMENTS,1
waitorder.service.Impl.WaitListOrderServiceImpl,waitorder.repository.WaitListOrderRepository,FIELD,1
waitorder.service.Impl.WaitListOrderServiceImpl,waitorder.repository.WaitListOrderRepository,CALL,4
waitorder.service.Impl.WaitListOrderServiceImpl,waitorder.entity.WaitListOrderStatus,CALL,2
waitorder.service.Impl.WaitListOrderServiceImpl,waitorder.entity.WaitListOrder,CALL,3
waitorder.service.Impl.WaitListOrderServiceImpl,waitorder.entity.WaitListOrderVO,CALL,1
waitorder.utils.PollThread,waitorder.entity.WaitListOrderVO,FIELD,1
waitorder.utils.PollThread,waitorder.service.WaitListOrderService,FIELD,1
waitorder.utils.PollThread,waitorder.entity.WaitListOrderStatus,CALL,2
