class,method,returnType,parameters
org.pos.project.possystem.controller.AdminDashBoardController,initialize,void,
org.pos.project.possystem.controller.AdminDashBoardController,setLoggedInUser,void,org.pos.project.possystem.tm.User
org.pos.project.possystem.controller.AdminDashBoardController,product,void,ActionEvent
org.pos.project.possystem.controller.AdminDashBoardController,report,void,ActionEvent
org.pos.project.possystem.controller.AdminDashBoardController,stock,void,ActionEvent
org.pos.project.possystem.controller.AdminDashBoardController,supplier,void,ActionEvent
org.pos.project.possystem.controller.AdminDashBoardController,transaction,void,ActionEvent
org.pos.project.possystem.controller.AdminDashBoardController,userManage,void,ActionEvent
org.pos.project.possystem.controller.AdminDashBoardController,loadFullPage,void,java.lang.String
org.pos.project.possystem.controller.AdminDashBoardController,capitalize,java.lang.String,java.lang.String
org.pos.project.possystem.controller.AdminDashBoardController,logOut,void,ActionEvent
org.pos.project.possystem.controller.AdminDashBoardController,updateUserProfile,void,ActionEvent
org.pos.project.possystem.controller.LoginAndRegistrationController,initialize,void,
org.pos.project.possystem.controller.LoginAndRegistrationController,login,void,ActionEvent
org.pos.project.possystem.controller.LoginAndRegistrationController,loadDashboard,void,
org.pos.project.possystem.controller.LoginAndRegistrationController,register,void,ActionEvent
org.pos.project.possystem.controller.LoginAndRegistrationController,clearFields,void,
org.pos.project.possystem.controller.LoginAndRegistrationController,showHidePassword,void,ActionEvent
org.pos.project.possystem.controller.PlaceOrderController,initialize,void,
org.pos.project.possystem.controller.PlaceOrderController,loadId,void,
org.pos.project.possystem.controller.PlaceOrderController,setDataForLabels,void,
org.pos.project.possystem.controller.PlaceOrderController,loadProductIDs,void,
org.pos.project.possystem.controller.PlaceOrderController,loadDateAndTime,void,
org.pos.project.possystem.controller.PlaceOrderController,billPrint,void,ActionEvent
org.pos.project.possystem.controller.PlaceOrderController,btnAddToCartOnAction,void,ActionEvent
org.pos.project.possystem.controller.PlaceOrderController,btnClearOnAction,void,ActionEvent
org.pos.project.possystem.controller.PlaceOrderController,btnPlaceOrderOnAction,void,ActionEvent
org.pos.project.possystem.controller.PlaceOrderController,searchOrderbtn,void,ActionEvent
org.pos.project.possystem.controller.PlaceOrderController,goBack,void,ActionEvent
org.pos.project.possystem.controller.ProductDetailsController,initialize,void,
org.pos.project.possystem.controller.ProductDetailsController,addBtn,void,ActionEvent
org.pos.project.possystem.controller.ProductDetailsController,deleteBtn,void,ActionEvent
org.pos.project.possystem.controller.ProductDetailsController,searchBtn,void,ActionEvent
org.pos.project.possystem.controller.ProductDetailsController,updateBtn,void,ActionEvent
org.pos.project.possystem.controller.ProductDetailsController,getAllProducts,java.util.List<org.pos.project.possystem.tm.Product>,
org.pos.project.possystem.controller.ProductDetailsController,goBack,void,ActionEvent
org.pos.project.possystem.controller.ReportController,goBack,void,ActionEvent
org.pos.project.possystem.controller.StockController,initialize,void,
org.pos.project.possystem.controller.StockController,addBtn,void,ActionEvent
org.pos.project.possystem.controller.StockController,deleteBtn,void,ActionEvent
org.pos.project.possystem.controller.StockController,searchBtn,void,ActionEvent
org.pos.project.possystem.controller.StockController,updateBtn,void,ActionEvent
org.pos.project.possystem.controller.StockController,getAllProductStock,java.util.List<org.pos.project.possystem.tm.ProductStock>,
org.pos.project.possystem.controller.StockController,goBack,void,ActionEvent
org.pos.project.possystem.controller.SupplierController,initialize,void,
org.pos.project.possystem.controller.SupplierController,addBtn,void,ActionEvent
org.pos.project.possystem.controller.SupplierController,deleteBtn,void,ActionEvent
org.pos.project.possystem.controller.SupplierController,searchBtn,void,ActionEvent
org.pos.project.possystem.controller.SupplierController,updateBtn,void,ActionEvent
org.pos.project.possystem.controller.SupplierController,getAllSuppliers,java.util.List<org.pos.project.possystem.tm.Supplier>,
org.pos.project.possystem.controller.SupplierController,goBack,void,ActionEvent
org.pos.project.possystem.db.DataBaseConnection,registerConnection,void,
org.pos.project.possystem.db.DataBaseConnection,loadDatabaseProperties,void,
org.pos.project.possystem.db.DataBaseConnection,getDataBaseConnection,org.pos.project.possystem.db.DataBaseConnection,
org.pos.project.possystem.db.DataBaseConnection,getConnection,java.sql.Connection,
org.pos.project.possystem.exception.UserEmailExsist,getMessage,java.lang.String,
org.pos.project.possystem.exception.UserNotFound,getMessage,java.lang.String,
org.pos.project.possystem.HelloApplication,start,void,Stage
org.pos.project.possystem.HelloApplication,main,void,java.lang.String[]
org.pos.project.possystem.model.PlaceOrderModel,generateOrderId,java.lang.Integer,
org.pos.project.possystem.model.PlaceOrderModel,searchOrderById,java.util.List<org.pos.project.possystem.dto.OrderDetailsDTO>,int
org.pos.project.possystem.model.PlaceOrderModel,placeOrder,boolean,org.pos.project.possystem.dto.TransactionDTO
org.pos.project.possystem.model.PlaceOrderModel,addOrderDetails,boolean,java.util.List<org.pos.project.possystem.dto.OrderDetailsDTO>
org.pos.project.possystem.model.PlaceOrderModel,execute,T,java.lang.String;java.lang.Object
org.pos.project.possystem.model.ProductModel,getSuppliersId,java.util.List<java.lang.String>,
org.pos.project.possystem.model.ProductModel,saveNewProduct,int,org.pos.project.possystem.dto.ProductDTO
org.pos.project.possystem.model.ProductModel,deleteProduct,int,java.lang.Integer
org.pos.project.possystem.model.ProductModel,getAllProducts,java.util.List<org.pos.project.possystem.dto.ProductDTO>,
org.pos.project.possystem.model.ProductModel,updateProductDetails,int,org.pos.project.possystem.dto.ProductDTO
org.pos.project.possystem.model.ProductModel,getProductByID,org.pos.project.possystem.dto.ProductDTO,java.lang.Integer
org.pos.project.possystem.model.ProductStockModel,getAllProductId,java.util.List<java.lang.Integer>,
org.pos.project.possystem.model.ProductStockModel,getAllProductStock,java.util.List<org.pos.project.possystem.dto.ProductStockDTO>,
org.pos.project.possystem.model.ProductStockModel,saveNewStock,int,org.pos.project.possystem.dto.ProductStockDTO
org.pos.project.possystem.model.ProductStockModel,getStockDetails,org.pos.project.possystem.dto.ProductStockDTO,java.lang.Integer
org.pos.project.possystem.model.ProductStockModel,deleteProductStock,int,java.lang.Integer
org.pos.project.possystem.model.ProductStockModel,updateStock,boolean,java.util.List<org.pos.project.possystem.dto.OrderDetailsDTO>
org.pos.project.possystem.model.ProductStockModel,execute,T,java.lang.String;java.lang.Object
org.pos.project.possystem.model.SupplierModel,saveSupplier,int,org.pos.project.possystem.dto.SupplierDTO
org.pos.project.possystem.model.SupplierModel,deleteSupplier,int,java.lang.String
org.pos.project.possystem.model.SupplierModel,searchSupplier,org.pos.project.possystem.dto.SupplierDTO,java.lang.String
org.pos.project.possystem.model.SupplierModel,updateSupplier,int,org.pos.project.possystem.dto.SupplierDTO
org.pos.project.possystem.model.SupplierModel,getAllSuppliers,java.util.List<org.pos.project.possystem.dto.SupplierDTO>,
org.pos.project.possystem.model.UserModel,registerUser,void,org.pos.project.possystem.tm.User
org.pos.project.possystem.model.UserModel,login,boolean,org.pos.project.possystem.tm.User
org.pos.project.possystem.model.UserModel,getUserCurrentUser,org.pos.project.possystem.tm.User,
org.pos.project.possystem.util.CommonMethod,showAlert,void,java.lang.String;java.lang.String;org.pos.project.possystem.util.CustomAlertType
org.pos.project.possystem.util.CommonMethod,goToBack,void,Event;java.lang.Class<?>
org.pos.project.possystem.util.PasswordEncoder,encodePassword,java.lang.String,java.lang.String
org.pos.project.possystem.util.PasswordEncoder,verifyPassword,boolean,java.lang.String;java.lang.String
org.pos.project.possystem.util.SessionManager,clearSession,void,
