srcClass,srcMethod,dstClass,dstMethod
LGACDB01,main,LGACVS01,main
LGACDB01,main,LGACDB02,main
LGACDB01,main,LGSTSQ,main
LGACDB01,main,LGSTSQ,main
LGACDB01,main,LGSTSQ,main
LGACDB01,main,LGACVS01,main
LGACDB01,main,LGSTSQ,main
LGACDB01,main,LGACDB02,main
LGACDB02,main,LGSTSQ,main
LGACDB02,main,LGSTSQ,main
LGACDB02,main,LGSTSQ,main
LGACDB02,main,LGSTSQ,main
LGACUS01,main,LGACDB01,main
LGACUS01,main,LGSTSQ,main
LGACUS01,main,LGSTSQ,main
LGACUS01,main,LGSTSQ,main
LGACUS01,main,LGSTSQ,main
LGACUS01,main,LGACDB01,main
LGACVS01,main,LGSTSQ,main
LGACVS01,main,LGSTSQ,main
LGACVS01,main,LGSTSQ,main
LGACVS01,main,LGSTSQ,main
LGAPDB01,main,LGAPVS01,main
LGAPDB01,main,LGSTSQ,main
LGAPDB01,main,LGSTSQ,main
LGAPDB01,main,LGSTSQ,main
LGAPDB01,main,LGSTSQ,main
LGAPDB01,main,LGAPVS01,main
LGAPOL01,main,LGAPDB01,main
LGAPOL01,main,LGSTSQ,main
LGAPOL01,main,LGSTSQ,main
LGAPOL01,main,LGSTSQ,main
LGAPOL01,main,LGSTSQ,main
LGAPOL01,main,LGAPDB01,main
LGAPVS01,main,LGSTSQ,main
LGAPVS01,main,LGSTSQ,main
LGAPVS01,main,LGSTSQ,main
LGAPVS01,main,LGSTSQ,main
LGASTAT1,main,LGACVS01,main
LGASTAT1,main,LGACDB01,main
LGDPDB01,main,LGDPVS01,main
LGDPDB01,main,LGSTSQ,main
LGDPDB01,main,LGSTSQ,main
LGDPDB01,main,LGSTSQ,main
LGDPDB01,main,LGSTSQ,main
LGDPDB01,main,LGDPVS01,main
LGDPOL01,main,LGDPDB01,main
LGDPOL01,main,LGSTSQ,main
LGDPOL01,main,LGSTSQ,main
LGDPOL01,main,LGSTSQ,main
LGDPOL01,main,LGSTSQ,main
LGDPOL01,main,LGDPDB01,main
LGDPVS01,main,LGSTSQ,main
LGDPVS01,main,LGSTSQ,main
LGDPVS01,main,LGSTSQ,main
LGDPVS01,main,LGSTSQ,main
LGICDB01,main,LGSTSQ,main
LGICDB01,main,LGSTSQ,main
LGICDB01,main,LGSTSQ,main
LGICDB01,main,LGSTSQ,main
LGICDB01,main,LGICUS01,main
LGICUS01,main,LGICDB01,main
LGICUS01,main,LGSTSQ,main
LGICUS01,main,LGSTSQ,main
LGICUS01,main,LGSTSQ,main
LGICUS01,main,LGICDB01,main
LGICUS01,main,LGSTSQ,main
LGIPDB01,main,LGSTSQ,main
LGIPDB01,main,LGSTSQ,main
LGIPDB01,main,LGSTSQ,main
LGIPDB01,main,LGSTSQ,main
LGIPOL01,main,LGIPDB01,main
LGIPOL01,main,LGSTSQ,main
LGIPOL01,main,LGSTSQ,main
LGIPOL01,main,LGSTSQ,main
LGIPOL01,main,LGSTSQ,main
LGIPOL01,main,LGIPDB01,main
LGTESTC1,main,LGICUS01,main
LGTESTC1,main,LGACUS01,main
LGTESTC1,main,LGICUS01,main
LGTESTC1,main,LGUCUS01,main
LGTESTC1,main,LGICUS01,main
LGTESTC1,main,LGACUS01,main
LGTESTC1,main,LGUCUS01,main
LGTESTP1,main,LGIPOL01,main
LGTESTP1,main,LGAPOL01,main
LGTESTP1,main,LGDPOL01,main
LGTESTP1,main,LGIPOL01,main
LGTESTP1,main,LGUPOL01,main
LGTESTP1,main,LGAPOL01,main
LGTESTP1,main,LGIPOL01,main
LGTESTP1,main,LGUPOL01,main
LGTESTP1,main,LGDPOL01,main
LGTESTP2,main,LGIPOL01,main
LGTESTP2,main,LGAPOL01,main
LGTESTP2,main,LGDPOL01,main
LGTESTP2,main,LGIPOL01,main
LGTESTP2,main,LGUPOL01,main
LGTESTP2,main,LGAPOL01,main
LGTESTP2,main,LGIPOL01,main
LGTESTP2,main,LGUPOL01,main
LGTESTP2,main,LGDPOL01,main
LGTESTP3,main,LGIPOL01,main
LGTESTP3,main,LGAPOL01,main
LGTESTP3,main,LGDPOL01,main
LGTESTP3,main,LGIPOL01,main
LGTESTP3,main,LGUPOL01,main
LGTESTP3,main,LGAPOL01,main
LGTESTP3,main,LGIPOL01,main
LGTESTP3,main,LGUPOL01,main
LGTESTP3,main,LGDPOL01,main
LGTESTP4,main,LGIPOL01,main
LGTESTP4,main,LGAPOL01,main
LGTESTP4,main,LGDPOL01,main
LGTESTP4,main,LGAPOL01,main
LGTESTP4,main,LGIPOL01,main
LGTESTP4,main,LGDPOL01,main
LGUCDB01,main,LGUCVS01,main
LGUCDB01,main,LGSTSQ,main
LGUCDB01,main,LGSTSQ,main
LGUCDB01,main,LGSTSQ,main
LGUCDB01,main,LGUCVS01,main
LGUCDB01,main,LGSTSQ,main
LGUCUS01,main,LGUCDB01,main
LGUCUS01,main,LGSTSQ,main
LGUCUS01,main,LGSTSQ,main
LGUCUS01,main,LGSTSQ,main
LGUCUS01,main,LGSTSQ,main
LGUCUS01,main,LGUCDB01,main
LGUCVS01,main,LGSTSQ,main
LGUCVS01,main,LGSTSQ,main
LGUCVS01,main,LGSTSQ,main
LGUCVS01,main,LGSTSQ,main
LGUPDB01,main,LGUPVS01,main
LGUPDB01,main,LGSTSQ,main
LGUPDB01,main,LGSTSQ,main
LGUPDB01,main,LGSTSQ,main
LGUPDB01,main,LGSTSQ,main
LGUPDB01,main,LGUPVS01,main
LGUPOL01,main,LGUPDB01,main
LGUPOL01,main,LGSTSQ,main
LGUPOL01,main,LGSTSQ,main
LGUPOL01,main,LGSTSQ,main
LGUPOL01,main,LGSTSQ,main
LGUPOL01,main,LGUPDB01,main
LGUPVS01,main,LGSTSQ,main
LGUPVS01,main,LGSTSQ,main
LGUPVS01,main,LGSTSQ,main
LGUPVS01,main,LGSTSQ,main
