caller,callee,method,params,returns
com.raysmond.blog.admin.controllers.AdminController,com.raysmond.blog.utils.DTOUtil,map,S;java.lang.Class<T>,T
com.raysmond.blog.admin.controllers.PostController,com.raysmond.blog.utils.DTOUtil,map,S;java.lang.Class<T>,T
com.raysmond.blog.admin.controllers.PostController,com.raysmond.blog.models.support.PostFormat,values,,com.raysmond.blog.models.support.PostFormat[]
com.raysmond.blog.admin.controllers.PostController,com.raysmond.blog.models.support.PostType,values,,com.raysmond.blog.models.support.PostType[]
com.raysmond.blog.admin.controllers.PostController,com.raysmond.blog.models.support.PostStatus,values,,com.raysmond.blog.models.support.PostStatus[]
com.raysmond.blog.admin.controllers.PostController,com.raysmond.blog.utils.DTOUtil,map,S;java.lang.Class<T>,T
com.raysmond.blog.admin.controllers.PostController,com.raysmond.blog.models.support.PostFormat,values,,com.raysmond.blog.models.support.PostFormat[]
com.raysmond.blog.admin.controllers.PostController,com.raysmond.blog.models.support.PostType,values,,com.raysmond.blog.models.support.PostType[]
com.raysmond.blog.admin.controllers.PostController,com.raysmond.blog.models.support.PostStatus,values,,com.raysmond.blog.models.support.PostStatus[]
com.raysmond.blog.admin.controllers.PostController,com.raysmond.blog.models.support.PostFormat,values,,com.raysmond.blog.models.support.PostFormat[]
com.raysmond.blog.admin.controllers.PostController,com.raysmond.blog.models.support.PostStatus,values,,com.raysmond.blog.models.support.PostStatus[]
com.raysmond.blog.admin.controllers.PostController,com.raysmond.blog.utils.DTOUtil,map,S;java.lang.Class<T>,T
com.raysmond.blog.admin.controllers.PostController,com.raysmond.blog.repositories.UserRepository,findByEmail,java.lang.String,com.raysmond.blog.models.User
com.raysmond.blog.admin.controllers.PostController,com.raysmond.blog.services.PostService,createPost,com.raysmond.blog.models.Post,com.raysmond.blog.models.Post
com.raysmond.blog.admin.controllers.PostController,com.raysmond.blog.models.support.PostFormat,values,,com.raysmond.blog.models.support.PostFormat[]
com.raysmond.blog.admin.controllers.PostController,com.raysmond.blog.models.support.PostStatus,values,,com.raysmond.blog.models.support.PostStatus[]
com.raysmond.blog.admin.controllers.PostController,com.raysmond.blog.utils.DTOUtil,mapTo,S;T,void
com.raysmond.blog.admin.controllers.PostController,com.raysmond.blog.services.PostService,updatePost,com.raysmond.blog.models.Post,com.raysmond.blog.models.Post
com.raysmond.blog.admin.controllers.PostController,com.raysmond.blog.models.Post,<init>,,com.raysmond.blog.models.Post
com.raysmond.blog.admin.controllers.UserController,com.raysmond.blog.services.UserService,currentUser,,com.raysmond.blog.models.User
com.raysmond.blog.admin.controllers.UserController,com.raysmond.blog.error.NotFoundException,<init>,java.lang.String,com.raysmond.blog.error.NotFoundException
com.raysmond.blog.utils.Markdown,com.raysmond.blog.support.web.MarkdownService,renderToHtml,java.lang.String,java.lang.String
com.raysmond.blog.utils.Markdown,com.raysmond.blog.support.web.impl.PegDownMarkdownService,<init>,,com.raysmond.blog.support.web.impl.PegDownMarkdownService
com.raysmond.blog.support.web.MessageHelper,com.raysmond.blog.support.web.Message,<init>,java.lang.String;com.raysmond.blog.support.web.Message.Type;java.lang.Object[],com.raysmond.blog.support.web.Message
com.raysmond.blog.support.web.MessageHelper,com.raysmond.blog.support.web.Message,<init>,java.lang.String;com.raysmond.blog.support.web.Message.Type;java.lang.Object[],com.raysmond.blog.support.web.Message
com.raysmond.blog.support.web.ViewHelper,com.raysmond.blog.services.AppSetting,getSiteName,,java.lang.String
com.raysmond.blog.support.web.PygmentsVerbatimSerializer,com.raysmond.blog.support.web.PygmentsService,<init>,,com.raysmond.blog.support.web.PygmentsService
com.raysmond.blog.WebConfig,com.raysmond.blog.support.web.ViewHelper,setApplicationEnv,java.lang.String,void
com.raysmond.blog.controllers.TagController,com.raysmond.blog.services.PostService,countPostsByTags,,java.util.List<java.lang.Object[]>
com.raysmond.blog.controllers.TagController,com.raysmond.blog.services.TagService,getTag,java.lang.String,com.raysmond.blog.models.Tag
com.raysmond.blog.controllers.TagController,com.raysmond.blog.services.AppSetting,getPageSize,,java.lang.Integer
com.raysmond.blog.controllers.TagController,com.raysmond.blog.error.NotFoundException,<init>,java.lang.String,com.raysmond.blog.error.NotFoundException
com.raysmond.blog.controllers.PostController,com.raysmond.blog.services.PostService,getArchivePosts,,java.util.List<com.raysmond.blog.models.Post>
com.raysmond.blog.controllers.PostController,com.raysmond.blog.models.BaseModel,getCreatedAt,,java.time.ZonedDateTime
com.raysmond.blog.controllers.PostController,com.raysmond.blog.models.BaseModel,getCreatedAt,,java.time.ZonedDateTime
com.raysmond.blog.controllers.PostController,com.raysmond.blog.models.BaseModel,getCreatedAt,,java.time.ZonedDateTime
com.raysmond.blog.controllers.PostController,com.raysmond.blog.services.PostService,getPublishedPostByPermalink,java.lang.String,com.raysmond.blog.models.Post
com.raysmond.blog.controllers.PostController,com.raysmond.blog.services.PostService,getPost,java.lang.Long,com.raysmond.blog.models.Post
com.raysmond.blog.controllers.PostController,com.raysmond.blog.services.PostService,incrementViews,java.lang.Long,void
com.raysmond.blog.controllers.PostController,com.raysmond.blog.models.BaseModel,getId,,java.lang.Long
com.raysmond.blog.controllers.PostController,com.raysmond.blog.services.PostService,getPostTags,com.raysmond.blog.models.Post,java.util.List<com.raysmond.blog.models.Tag>
com.raysmond.blog.controllers.PostController,com.raysmond.blog.error.NotFoundException,<init>,,com.raysmond.blog.error.NotFoundException
com.raysmond.blog.controllers.PostController,com.raysmond.blog.error.NotFoundException,<init>,,com.raysmond.blog.error.NotFoundException
com.raysmond.blog.controllers.HomeController,com.raysmond.blog.services.AppSetting,getPageSize,,java.lang.Integer
com.raysmond.blog.error.ExceptionHandlerController,com.raysmond.blog.error.NotFoundException,getMessage,,java.lang.String
com.raysmond.blog.services.TagService,com.raysmond.blog.repositories.TagRepository,findByName,java.lang.String,com.raysmond.blog.models.Tag
com.raysmond.blog.services.TagService,com.raysmond.blog.repositories.TagRepository,findByName,java.lang.String,com.raysmond.blog.models.Tag
com.raysmond.blog.services.TagService,com.raysmond.blog.models.Tag,<init>,java.lang.String,com.raysmond.blog.models.Tag
com.raysmond.blog.services.UserService,com.raysmond.blog.repositories.UserRepository,findByEmail,java.lang.String,com.raysmond.blog.models.User
com.raysmond.blog.services.UserService,com.raysmond.blog.repositories.UserRepository,findByEmail,java.lang.String,com.raysmond.blog.models.User
com.raysmond.blog.services.UserService,com.raysmond.blog.repositories.UserRepository,findByEmail,java.lang.String,com.raysmond.blog.models.User
com.raysmond.blog.services.UserService,com.raysmond.blog.models.User,<init>,java.lang.String;java.lang.String;java.lang.String,com.raysmond.blog.models.User
com.raysmond.blog.services.AppSetting,com.raysmond.blog.services.SettingService,get,java.lang.String;java.io.Serializable,java.io.Serializable
com.raysmond.blog.services.AppSetting,com.raysmond.blog.services.SettingService,put,java.lang.String;java.io.Serializable,void
com.raysmond.blog.services.AppSetting,com.raysmond.blog.services.SettingService,get,java.lang.String;java.io.Serializable,java.io.Serializable
com.raysmond.blog.services.AppSetting,com.raysmond.blog.services.SettingService,put,java.lang.String;java.io.Serializable,void
com.raysmond.blog.services.AppSetting,com.raysmond.blog.services.SettingService,get,java.lang.String;java.io.Serializable,java.io.Serializable
com.raysmond.blog.services.AppSetting,com.raysmond.blog.services.SettingService,put,java.lang.String;java.io.Serializable,void
com.raysmond.blog.services.CacheSettingService,com.raysmond.blog.repositories.SettingRepository,findByKey,java.lang.String,com.raysmond.blog.models.Setting
com.raysmond.blog.services.CacheSettingService,com.raysmond.blog.repositories.SettingRepository,findByKey,java.lang.String,com.raysmond.blog.models.Setting
com.raysmond.blog.services.CacheSettingService,com.raysmond.blog.models.Setting,<init>,,com.raysmond.blog.models.Setting
com.raysmond.blog.services.PostService,com.raysmond.blog.repositories.PostRepository,findByPermalinkAndPostStatus,java.lang.String;com.raysmond.blog.models.support.PostStatus,com.raysmond.blog.models.Post
com.raysmond.blog.services.PostService,com.raysmond.blog.models.BaseModel,getId,,java.lang.Long
com.raysmond.blog.services.PostService,com.raysmond.blog.models.BaseModel,getId,,java.lang.Long
com.raysmond.blog.services.PostService,com.raysmond.blog.models.BaseModel,setId,java.lang.Long,void
com.raysmond.blog.services.PostService,com.raysmond.blog.models.BaseModel,getId,,java.lang.Long
com.raysmond.blog.services.PostService,com.raysmond.blog.models.BaseModel,setCreatedAt,java.time.ZonedDateTime,void
com.raysmond.blog.services.PostService,com.raysmond.blog.models.BaseModel,getCreatedAt,,java.time.ZonedDateTime
com.raysmond.blog.services.PostService,com.raysmond.blog.models.Post,setPermalink,java.lang.String,void
com.raysmond.blog.services.PostService,com.raysmond.blog.services.UserService,getSuperUser,,com.raysmond.blog.models.User
com.raysmond.blog.services.PostService,com.raysmond.blog.services.TagService,findOrCreateByName,java.lang.String,com.raysmond.blog.models.Tag
com.raysmond.blog.services.PostService,com.raysmond.blog.repositories.PostRepository,countPostsByTags,com.raysmond.blog.models.support.PostStatus,java.util.List<java.lang.Object[]>
com.raysmond.blog.services.PostService,com.raysmond.blog.models.Post,getViews,,java.lang.Integer
com.raysmond.blog.services.PostService,com.raysmond.blog.error.NotFoundException,<init>,java.lang.String,com.raysmond.blog.error.NotFoundException
com.raysmond.blog.services.PostService,com.raysmond.blog.error.NotFoundException,<init>,java.lang.String,com.raysmond.blog.error.NotFoundException
com.raysmond.blog.services.PostService,com.raysmond.blog.models.Post,<init>,,com.raysmond.blog.models.Post
com.raysmond.blog.services.PostService,com.raysmond.blog.models.Post,<init>,,com.raysmond.blog.models.Post
